id_station,date,time,datetime,sss,RRR,T,Td,t(t-r),n,kp
24713,2020-12-31 00:00:00,20:00,2020-12-31 20:00:00,,0.0,-32.6,-33.6,-32.6,19.0,-1137.7324999999996
24713,2020-12-29 00:00:00,20:00,2020-12-29 20:00:00,,0.0,-26.5,-27.7,-30.99999999999991,18.0,-1105.1324999999997
24713,2020-12-29 00:00:00,08:00,2020-12-29 08:00:00,29.0,0.0,-23.1,-24.4,-30.99999999999991,18.0,-1105.1324999999997
24713,2020-12-28 00:00:00,20:00,2020-12-28 20:00:00,,0.7,-23.0,-24.3,-41.25,17.0,-1074.1324999999997
24713,2020-12-28 00:00:00,08:00,2020-12-28 08:00:00,29.0,0.0,-32.0,-33.7,-41.25,17.0,-1074.1324999999997
24713,2020-12-27 00:00:00,20:00,2020-12-27 20:00:00,,0.0,-45.2,-47.2,-93.20249999999994,16.0,-1032.8824999999997
24713,2020-12-27 00:00:00,08:00,2020-12-27 08:00:00,29.0,0.0,-41.5,-43.8,-93.20249999999994,16.0,-1032.8824999999997
24713,2020-12-26 00:00:00,20:00,2020-12-26 20:00:00,,0.0,-46.0,-48.1,-85.04999999999987,15.0,-939.6799999999997
24713,2020-12-26 00:00:00,08:00,2020-12-26 08:00:00,29.0,0.0,-48.5,-50.0,-85.04999999999987,15.0,-939.6799999999997
24713,2020-12-25 00:00:00,20:00,2020-12-25 20:00:00,,0.0,-49.1,-51.2,-90.0900000000002,14.0,-854.6299999999999
24713,2020-12-25 00:00:00,08:00,2020-12-25 08:00:00,29.0,0.0,-51.0,-52.5,-90.0900000000002,14.0,-854.6299999999999
24713,2020-12-24 00:00:00,20:00,2020-12-24 20:00:00,,0.0,-45.6,-48.1,-94.1,13.0,-764.5399999999997
24713,2020-12-24 00:00:00,08:00,2020-12-24 08:00:00,29.0,0.0,-48.5,-50.0,-94.1,13.0,-764.5399999999997
24713,2020-12-23 00:00:00,20:00,2020-12-23 20:00:00,,0.0,-44.0,-46.4,-85.48499999999989,12.0,-670.4399999999997
24713,2020-12-23 00:00:00,08:00,2020-12-23 08:00:00,29.0,0.0,-39.4,-41.1,-85.48499999999989,12.0,-670.4399999999997
24713,2020-12-22 00:00:00,20:00,2020-12-22 20:00:00,,0.0,-34.0,-35.6,-57.42750000000015,11.0,-584.9549999999998
24713,2020-12-22 00:00:00,08:00,2020-12-22 08:00:00,30.0,0.0,-40.1,-41.6,-57.42750000000015,11.0,-584.9549999999998
24713,2020-12-21 00:00:00,20:00,2020-12-21 20:00:00,,0.0,-41.6,-43.2,-63.08749999999999,10.0,-527.5274999999997
24713,2020-12-21 00:00:00,08:00,2020-12-21 08:00:00,30.0,0.0,-30.5,-32.4,-63.08749999999999,10.0,-527.5274999999997
24713,2020-12-20 00:00:00,20:00,2020-12-20 20:00:00,,0.4,-22.5,-24.3,-26.400000000000063,9.0,-464.4399999999997
24713,2020-12-20 00:00:00,08:00,2020-12-20 08:00:00,29.0,1.0,-21.5,-22.1,-26.400000000000063,9.0,-464.4399999999997
24713,2020-12-19 00:00:00,20:00,2020-12-19 20:00:00,,1.0,-22.5,-23.7,-26.21999999999991,8.0,-438.0399999999997
24713,2020-12-19 00:00:00,08:00,2020-12-19 08:00:00,27.0,0.8,-21.2,-22.4,-26.21999999999991,8.0,-438.0399999999997
24713,2020-12-18 00:00:00,20:00,2020-12-18 20:00:00,,0.0,-38.2,-39.7,-60.99250000000017,7.0,-411.81999999999977
24713,2020-12-18 00:00:00,08:00,2020-12-18 08:00:00,27.0,0.0,-40.5,-42.1,-60.99250000000017,7.0,-411.81999999999977
24713,2020-12-17 00:00:00,20:00,2020-12-17 20:00:00,,0.0,-35.2,-36.8,-56.26999999999986,6.0,-350.8274999999996
24713,2020-12-17 00:00:00,08:00,2020-12-17 08:00:00,27.0,0.0,-31.0,-32.8,-56.26999999999986,6.0,-350.8274999999996
24713,2020-12-16 00:00:00,20:00,2020-12-16 20:00:00,,0.0,-31.7,-33.5,-56.67749999999995,5.0,-294.5574999999997
24713,2020-12-16 00:00:00,08:00,2020-12-16 08:00:00,25.0,0.6,-37.0,-38.5,-56.67749999999995,5.0,-294.5574999999997
24713,2020-12-15 00:00:00,20:00,2020-12-15 20:00:00,,2.0,-23.1,-24.4,-41.925,4.0,-237.87999999999977
24713,2020-12-15 00:00:00,08:00,2020-12-15 08:00:00,24.0,0.0,-32.8,-34.5,-41.925,4.0,-237.87999999999977
24713,2020-12-14 00:00:00,20:00,2020-12-14 20:00:00,,0.0,-27.1,-28.8,-41.03499999999998,3.0,-195.95499999999976
24713,2020-12-14 00:00:00,08:00,2020-12-14 08:00:00,24.0,0.0,-29.5,-30.7,-41.03499999999998,3.0,-195.95499999999976
24713,2020-12-13 00:00:00,20:00,2020-12-13 20:00:00,,0.0,-39.0,-40.6,-69.91999999999976,2.0,-154.91999999999976
24713,2020-12-13 00:00:00,08:00,2020-12-13 08:00:00,24.0,0.0,-48.4,-50.0,-69.91999999999976,2.0,-154.91999999999976
24713,2020-12-12 00:00:00,20:00,2020-12-12 20:00:00,,0.0,-48.5,-50.0,-85.4875,1.0,-85.0
24713,2020-12-12 00:00:00,08:00,2020-12-12 08:00:00,24.0,0.0,-49.2,-51.2,-85.4875,1.0,-85.0
24713,2020-11-12 00:00:00,20:00,2020-11-12 20:00:00,,0.0,-47.8,-50.0,-99.54000000000006,5.0,182.15499999999992
24713,2020-11-12 00:00:00,08:00,2020-11-12 08:00:00,24.0,0.0,-47.0,-49.0,-99.54000000000006,5.0,182.15499999999992
24713,2020-10-12 00:00:00,20:00,2020-10-12 20:00:00,,0.0,-40.6,-42.1,-62.56000000000006,7.0,262.66999999999996
24713,2020-10-12 00:00:00,08:00,2020-10-12 08:00:00,24.0,0.0,-37.6,-39.3,-62.56000000000006,7.0,262.66999999999996
24713,2020-09-12 00:00:00,20:00,2020-09-12 20:00:00,,0.0,-32.6,-34.2,-53.51999999999981,3.0,-61.13499999999981
24713,2020-09-12 00:00:00,08:00,2020-09-12 08:00:00,24.0,0.0,-34.3,-35.9,-53.51999999999981,3.0,-61.13499999999981
24713,2020-08-12 00:00:00,20:00,2020-08-12 20:00:00,,0.0,-25.5,-26.7,-29.399999999999984,16.0,716.075
24713,2020-08-12 00:00:00,08:00,2020-08-12 08:00:00,25.0,1.0,-23.5,-24.7,-29.399999999999984,16.0,716.075
24713,2020-07-12 00:00:00,20:00,2020-07-12 20:00:00,,0.3,-24.8,-26.0,-19.035000000000043,2.0,-19.785000000000043
24713,2020-07-12 00:00:00,08:00,2020-07-12 08:00:00,24.0,0.0,-17.5,-18.1,-19.035000000000043,2.0,-19.785000000000043
24713,2020-06-12 00:00:00,20:00,2020-06-12 20:00:00,,0.0,-11.5,-15.9,-35.84000000000001,3.0,-24.574999999999957
24713,2020-06-12 00:00:00,08:00,2020-06-12 08:00:00,24.0,1.0,-10.9,-12.9,-35.84000000000001,3.0,-24.574999999999957
24713,2020-05-12 00:00:00,20:00,2020-05-12 20:00:00,,0.8,-14.0,-16.0,-24.700000000000014,45.0,554.4124999999997
24713,2020-05-12 00:00:00,08:00,2020-05-12 08:00:00,24.0,0.0,-24.0,-24.6,-24.700000000000014,45.0,554.4124999999997
24713,2020-04-12 00:00:00,20:00,2020-04-12 20:00:00,,1.0,-15.0,-17.7,-32.195000000000014,18.0,-177.47250000000014
24713,2020-04-12 00:00:00,08:00,2020-04-12 08:00:00,25.0,0.0,-12.4,-14.4,-32.195000000000014,18.0,-177.47250000000014
24713,2020-03-12 00:00:00,20:00,2020-03-12 20:00:00,,0.7,-9.3,-10.9,-13.99250000000001,17.0,-9.612499999999965
24713,2020-03-12 00:00:00,08:00,2020-03-12 08:00:00,24.0,0.0,-10.0,-11.3,-13.99250000000001,17.0,-9.612499999999965
24713,2020-02-12 00:00:00,20:00,2020-02-12 20:00:00,,0.0,-10.0,-11.3,-10.449999999999992,3.0,-5.884999999999961
24713,2020-02-12 00:00:00,08:00,2020-02-12 08:00:00,25.0,0.0,-12.0,-12.6,-10.449999999999992,3.0,-5.884999999999961
24713,2020-01-12 00:00:00,20:00,2020-01-12 20:00:00,,0.0,-15.0,-15.6,-20.02499999999997,0.0,0.0
24713,2020-01-12 00:00:00,08:00,2020-01-12 08:00:00,25.0,0.0,-29.5,-30.7,-20.02499999999997,0.0,0.0
24713,2020-11-30 00:00:00,20:00,2020-11-30 20:00:00,,0.0,-30.1,-31.3,-33.867499999999964,8.0,-187.54250000000002
24713,2020-11-30 00:00:00,08:00,2020-11-30 08:00:00,25.0,0.0,-28.8,-29.9,-33.867499999999964,8.0,-187.54250000000002
24713,2020-11-29 00:00:00,20:00,2020-11-29 20:00:00,,0.0,-30.6,-31.8,-47.19750000000009,7.0,-153.67500000000007
24713,2020-11-29 00:00:00,08:00,2020-11-29 08:00:00,25.0,0.0,-34.5,-36.2,-47.19750000000009,7.0,-153.67500000000007
24713,2020-11-28 00:00:00,20:00,2020-11-28 20:00:00,,0.0,-28.0,-29.2,-21.374999999999986,6.0,-106.47749999999998
24713,2020-11-28 00:00:00,08:00,2020-11-28 08:00:00,29.0,0.0,-17.0,-17.7,-21.374999999999986,6.0,-106.47749999999998
24713,2020-11-27 00:00:00,20:00,2020-11-27 20:00:00,,0.8,-15.6,-16.2,-4.679999999999983,5.0,-85.10249999999999
24713,2020-11-27 00:00:00,08:00,2020-11-27 08:00:00,26.0,0.0,-15.6,-15.6,-4.679999999999983,5.0,-85.10249999999999
24713,2020-11-26 00:00:00,20:00,2020-11-26 20:00:00,,0.0,-22.0,-23.3,-31.25,4.0,-80.42250000000001
24713,2020-11-26 00:00:00,08:00,2020-11-26 08:00:00,26.0,0.0,-28.0,-29.2,-31.25,4.0,-80.42250000000001
24713,2020-11-25 00:00:00,20:00,2020-11-25 20:00:00,,0.0,-24.7,-25.9,-31.970000000000056,3.0,-49.17250000000002
24713,2020-11-25 00:00:00,08:00,2020-11-25 08:00:00,26.0,0.0,-30.9,-32.0,-31.970000000000056,3.0,-49.17250000000002
24713,2020-11-24 00:00:00,20:00,2020-11-24 20:00:00,,0.0,-20.7,-21.3,-10.709999999999964,2.0,-17.202499999999965
24713,2020-11-24 00:00:00,08:00,2020-11-24 08:00:00,26.0,0.6,-15.0,-15.6,-10.709999999999964,2.0,-17.202499999999965
24713,2020-11-23 00:00:00,20:00,2020-11-23 20:00:00,,2.0,-7.5,-8.8,-4.760000000000001,1.0,-6.4925
24713,2020-11-23 00:00:00,08:00,2020-11-23 08:00:00,23.0,0.3,-6.1,-6.2,-4.760000000000001,1.0,-6.4925
24713,2020-11-22 00:00:00,20:00,2020-11-22 20:00:00,,0.3,-2.5,-3.4,-1.732499999999999,0.0,-1.732499999999999
24713,2020-11-22 00:00:00,08:00,2020-11-22 08:00:00,22.0,3.0,-5.2,-5.2,-1.732499999999999,0.0,-1.732499999999999
24713,2020-11-21 00:00:00,20:00,2020-11-21 20:00:00,,2.0,-9.5,-10.3,-11.287500000000009,14.0,17.454999999999977
24713,2020-11-21 00:00:00,08:00,2020-11-21 08:00:00,20.0,0.0,-12.0,-13.3,-11.287500000000009,14.0,17.454999999999977
24713,2020-11-20 00:00:00,20:00,2020-11-20 20:00:00,,0.0,-13.8,-15.1,-20.1875,13.0,28.742499999999986
24713,2020-11-20 00:00:00,08:00,2020-11-20 08:00:00,20.0,0.0,-18.5,-19.7,-20.1875,13.0,28.742499999999986
24713,2020-11-19 00:00:00,20:00,2020-11-19 20:00:00,,0.0,-19.5,-20.7,-24.599999999999987,12.0,48.929999999999986
24713,2020-11-19 00:00:00,08:00,2020-11-19 08:00:00,20.0,0.0,-21.5,-22.7,-24.599999999999987,12.0,48.929999999999986
24713,2020-11-18 00:00:00,20:00,2020-11-18 20:00:00,,0.0,-18.5,-19.7,-18.494999999999973,11.0,73.52999999999997
24713,2020-11-18 00:00:00,08:00,2020-11-18 08:00:00,20.0,0.0,-22.6,-23.2,-18.494999999999973,11.0,73.52999999999997
24713,2020-11-17 00:00:00,20:00,2020-11-17 20:00:00,,0.0,-27.0,-28.2,-33.55000000000004,10.0,92.02499999999995
24713,2020-11-17 00:00:00,08:00,2020-11-17 08:00:00,20.0,0.0,-34.0,-35.0,-33.55000000000004,10.0,92.02499999999995
24713,2020-11-16 00:00:00,20:00,2020-11-16 20:00:00,,0.0,-25.5,-26.1,-20.02499999999997,9.0,125.57499999999999
24713,2020-11-16 00:00:00,08:00,2020-11-16 08:00:00,20.0,0.0,-19.0,-20.2,-20.02499999999997,9.0,125.57499999999999
24713,2020-11-15 00:00:00,20:00,2020-11-15 20:00:00,,0.0,-14.6,-15.9,-24.059999999999988,8.0,145.59999999999997
24713,2020-11-15 00:00:00,08:00,2020-11-15 08:00:00,20.0,0.0,-25.5,-26.6,-24.059999999999988,8.0,145.59999999999997
24713,2020-11-14 00:00:00,20:00,2020-11-14 20:00:00,,0.6,-13.0,-13.6,-7.979999999999992,7.0,169.65999999999994
24713,2020-11-14 00:00:00,08:00,2020-11-14 08:00:00,19.0,1.0,-9.8,-10.6,-7.979999999999992,7.0,169.65999999999994
24713,2020-11-13 00:00:00,20:00,2020-11-13 20:00:00,,0.0,-5.0,-6.0,-4.514999999999999,6.0,177.63999999999993
24713,2020-11-13 00:00:00,08:00,2020-11-13 08:00:00,18.0,2.0,-3.6,-4.7,-4.514999999999999,6.0,177.63999999999993
24713,2020-12-11 00:00:00,20:00,2020-12-11 20:00:00,,3.0,-4.0,,0.4874999999999997,0.0,0.4874999999999997
24713,2020-12-11 00:00:00,08:00,2020-12-11 08:00:00,14.0,1.0,-2.5,-3.1,0.4874999999999997,0.0,0.4874999999999997
24713,2020-11-11 00:00:00,20:00,2020-11-11 20:00:00,,0.7,-2.6,-2.6,-1.1275000000000004,4.0,281.695
24713,2020-11-11 00:00:00,08:00,2020-11-11 08:00:00,12.0,0.0,-1.5,-2.6,-1.1275000000000004,4.0,281.695
24713,2020-10-11 00:00:00,20:00,2020-10-11 20:00:00,,0.0,0.5,-2.1,0.5,6.0,325.23
24713,2020-10-11 00:00:00,08:00,2020-10-11 08:00:00,12.0,0.0,0.0,-1.4,0.5,6.0,325.23
24713,2020-09-11 00:00:00,20:00,2020-09-11 20:00:00,,0.0,-0.2,-0.2,-0.0,2.0,-7.615000000000001
24713,2020-09-11 00:00:00,08:00,2020-09-11 08:00:00,13.0,1.0,-10.0,-10.0,-0.0,2.0,-7.615000000000001
24713,2020-08-11 00:00:00,20:00,2020-08-11 20:00:00,,0.0,-15.1,-15.7,-9.929999999999966,15.0,745.475
24713,2020-08-11 00:00:00,08:00,2020-08-11 08:00:00,13.0,0.0,-18.0,-18.6,-9.929999999999966,15.0,745.475
24713,2020-07-11 00:00:00,20:00,2020-07-11 20:00:00,,0.0,-17.5,-17.5,-0.0,1.0,-0.75
24713,2020-07-11 00:00:00,08:00,2020-07-11 08:00:00,13.0,0.0,-17.5,-17.5,-0.0,1.0,-0.75
24713,2020-06-11 00:00:00,20:00,2020-06-11 20:00:00,,0.0,-16.7,-16.7,-6.254999999999941,2.0,11.265000000000054
24713,2020-06-11 00:00:00,08:00,2020-06-11 08:00:00,13.0,0.0,-25.0,-25.6,-6.254999999999941,2.0,11.265000000000054
24713,2020-05-11 00:00:00,20:00,2020-05-11 20:00:00,,0.0,-21.5,-22.1,-14.98250000000005,44.0,579.1124999999997
24713,2020-05-11 00:00:00,08:00,2020-05-11 08:00:00,13.0,0.0,-24.6,-25.3,-14.98250000000005,44.0,579.1124999999997
24713,2020-04-11 00:00:00,20:00,2020-04-11 20:00:00,,1.0,-10.5,-10.5,-4.522499999999993,17.0,-145.27750000000012
24713,2020-04-11 00:00:00,08:00,2020-04-11 08:00:00,13.0,0.0,-9.6,,-4.522499999999993,17.0,-145.27750000000012
24713,2020-03-11 00:00:00,20:00,2020-03-11 20:00:00,,1.0,-5.4,-5.4,4.959999999999999,16.0,4.380000000000045
24713,2020-03-11 00:00:00,08:00,2020-03-11 08:00:00,11.0,2.0,-7.0,,4.959999999999999,16.0,4.380000000000045
24713,2020-02-11 00:00:00,20:00,2020-02-11 20:00:00,,1.0,-10.6,-11.2,-9.059999999999969,2.0,4.5650000000000315
24713,2020-02-11 00:00:00,08:00,2020-02-11 08:00:00,8.0,0.0,-19.6,-20.2,-9.059999999999969,2.0,4.5650000000000315
24713,2020-01-11 00:00:00,20:00,2020-01-11 20:00:00,,0.0,-18.2,-18.8,-10.020000000000023,0.0,0.0
24713,2020-01-11 00:00:00,08:00,2020-01-11 08:00:00,8.0,0.0,-15.2,-15.8,-10.020000000000023,0.0,0.0
24713,2020-10-31 00:00:00,20:00,2020-10-31 20:00:00,,0.0,-13.5,-15.5,-21.904999999999955,1.0,-39.779999999999966
24713,2020-10-31 00:00:00,08:00,2020-10-31 08:00:00,8.0,0.0,-20.2,-20.8,-21.904999999999955,1.0,-39.779999999999966
24713,2020-10-30 00:00:00,20:00,2020-10-30 20:00:00,,0.0,-14.0,-15.3,-17.87500000000001,0.0,-17.87500000000001
24713,2020-10-30 00:00:00,08:00,2020-10-30 08:00:00,8.0,3.0,-13.5,-14.8,-17.87500000000001,0.0,-17.87500000000001
24713,2020-10-29 00:00:00,08:00,2020-10-29 08:00:00,6.0,0.0,-14.0,-14.6,-8.399999999999995,24.0,80.41499999999998
24713,2020-10-28 00:00:00,20:00,2020-10-28 20:00:00,,0.0,-13.4,-14.0,-4.950000000000012,23.0,88.81499999999997
24713,2020-10-28 00:00:00,08:00,2020-10-28 08:00:00,7.0,0.4,-19.6,-19.6,-4.950000000000012,23.0,88.81499999999997
24713,2020-10-27 00:00:00,20:00,2020-10-27 20:00:00,,1.0,-9.5,,-43.86000000000001,22.0,93.76499999999999
24713,2020-10-27 00:00:00,08:00,2020-10-27 08:00:00,2.0,0.0,-16.3,-16.3,-43.86000000000001,22.0,93.76499999999999
24713,2020-10-26 00:00:00,20:00,2020-10-26 20:00:00,,0.0,-6.0,-7.1,-6.077499999999998,21.0,137.625
24713,2020-10-26 00:00:00,08:00,2020-10-26 08:00:00,2.0,0.0,-8.3,-8.9,-6.077499999999998,21.0,137.625
24713,2020-10-25 00:00:00,20:00,2020-10-25 20:00:00,,0.0,-8.5,-10.0,-24.0,20.0,143.7025
24713,2020-10-25 00:00:00,08:00,2020-10-25 08:00:00,2.0,0.3,-3.5,,-24.0,20.0,143.7025
24713,2020-10-24 00:00:00,20:00,2020-10-24 20:00:00,,0.0,-0.4,-1.3,-5.670000000000003,19.0,167.7025
24713,2020-10-24 00:00:00,08:00,2020-10-24 08:00:00,2.0,0.0,-8.0,-9.8,-5.670000000000003,19.0,167.7025
24713,2020-10-23 00:00:00,20:00,2020-10-23 20:00:00,,0.6,1.2,-5.5,12.625,18.0,173.3725
24713,2020-10-23 00:00:00,08:00,2020-10-23 08:00:00,6.0,0.0,3.8,0.4,12.625,18.0,173.3725
24713,2020-10-22 00:00:00,20:00,2020-10-22 20:00:00,,0.0,-1.8,,-31.68,17.0,160.7475
24713,2020-10-22 00:00:00,08:00,2020-10-22 08:00:00,7.0,0.2,-11.4,-11.4,-31.68,17.0,160.7475
24713,2020-10-21 00:00:00,20:00,2020-10-21 20:00:00,,0.0,-8.0,-9.4,-8.0,16.0,192.4275
24713,2020-10-21 00:00:00,08:00,2020-10-21 08:00:00,6.0,0.0,-8.0,-8.6,-8.0,16.0,192.4275
24713,2020-10-20 00:00:00,20:00,2020-10-20 20:00:00,,0.4,-5.1,-5.1,-0.0,15.0,200.4275
24713,2020-10-19 00:00:00,20:00,2020-10-19 20:00:00,,0.6,-1.0,-5.3,-3.7624999999999997,14.0,200.4275
24713,2020-10-19 00:00:00,08:00,2020-10-19 08:00:00,5.0,1.0,-2.5,-2.5,-3.7624999999999997,14.0,200.4275
24713,2020-10-18 00:00:00,20:00,2020-10-18 20:00:00,,0.0,-2.0,-4.1,-4.29,13.0,204.19
24713,2020-10-18 00:00:00,08:00,2020-10-18 08:00:00,3.0,0.0,-5.8,-5.9,-4.29,13.0,204.19
24713,2020-10-17 00:00:00,20:00,2020-10-17 20:00:00,,0.0,-4.6,-5.9,-8.120000000000001,12.0,208.48
24713,2020-10-17 00:00:00,08:00,2020-10-17 08:00:00,3.0,0.0,-6.6,-8.2,-8.120000000000001,12.0,208.48
24713,2020-10-16 00:00:00,20:00,2020-10-16 20:00:00,,0.0,-3.5,-6.7,-12.764999999999999,11.0,216.6
24713,2020-10-16 00:00:00,08:00,2020-10-16 08:00:00,3.0,0.3,-7.6,-9.0,-12.764999999999999,11.0,216.6
24713,2020-10-15 00:00:00,20:00,2020-10-15 20:00:00,,0.0,-1.3,-2.2,-1.53,10.0,229.36499999999998
24713,2020-10-15 00:00:00,08:00,2020-10-15 08:00:00,2.0,0.0,-2.1,-3.0,-1.53,10.0,229.36499999999998
24713,2020-10-14 00:00:00,20:00,2020-10-14 20:00:00,,0.0,-3.5,-7.1,-14.574999999999992,9.0,230.89499999999998
24713,2020-10-14 00:00:00,08:00,2020-10-14 08:00:00,3.0,0.0,-7.5,-9.2,-14.574999999999992,9.0,230.89499999999998
24713,2020-10-13 00:00:00,20:00,2020-10-13 20:00:00,,0.0,-3.0,-7.6,-17.200000000000003,8.0,245.46999999999997
24713,2020-10-13 00:00:00,08:00,2020-10-13 08:00:00,3.0,0.0,-5.6,-9.0,-17.200000000000003,8.0,245.46999999999997
24713,2020-12-10 00:00:00,20:00,2020-12-10 20:00:00,,0.0,-3.5,-7.5,-16.0,4.0,342.54
24713,2020-12-10 00:00:00,08:00,2020-12-10 08:00:00,3.0,0.2,-12.5,-12.5,-16.0,4.0,342.54
24713,2020-11-10 00:00:00,20:00,2020-11-10 20:00:00,,0.0,-3.5,-4.9,-3.5625,3.0,282.8225
24713,2020-11-10 00:00:00,08:00,2020-11-10 08:00:00,3.0,0.2,-6.0,-6.1,-3.5625,3.0,282.8225
24713,2020-10-10 00:00:00,20:00,2020-10-10 20:00:00,,0.0,-2.6,-3.6,-5.550000000000001,5.0,324.73
24713,2020-10-10 00:00:00,08:00,2020-10-10 08:00:00,1.0,0.0,-4.8,-6.8,-5.550000000000001,5.0,324.73
24713,2020-09-10 00:00:00,20:00,2020-09-10 20:00:00,,0.0,-2.5,-8.5,-13.975,1.0,-7.615000000000001
24713,2020-09-10 00:00:00,08:00,2020-09-10 08:00:00,1.0,0.0,-4.0,-6.6,-13.975,1.0,-7.615000000000001
24713,2020-08-10 00:00:00,20:00,2020-08-10 20:00:00,,0.4,-0.6,-0.6,-0.0,14.0,755.405
24713,2020-08-10 00:00:00,08:00,2020-08-10 08:00:00,3.0,0.0,-1.5,-1.5,-0.0,14.0,755.405
24713,2020-07-10 00:00:00,20:00,2020-07-10 20:00:00,,4.0,-0.5,-2.0,-0.75,0.0,-0.75
24713,2020-06-10 00:00:00,20:00,2020-06-10 20:00:00,,0.0,-2.5,-7.3,-0.47999999999999976,1.0,17.519999999999996
24713,2020-06-10 00:00:00,08:00,2020-06-10 08:00:00,,0.0,2.2,0.6,-0.47999999999999976,1.0,17.519999999999996
24713,2020-05-10 00:00:00,20:00,2020-05-10 20:00:00,,0.0,9.9,0.3,39.14,43.0,594.0949999999998
24713,2020-05-10 00:00:00,08:00,2020-05-10 08:00:00,,0.0,5.3,4.6,39.14,43.0,594.0949999999998
24713,2020-04-10 00:00:00,20:00,2020-04-10 20:00:00,,0.2,4.4,3.2,3.0975,16.0,-140.75500000000014
24713,2020-04-10 00:00:00,08:00,2020-04-10 08:00:00,,0.0,1.5,0.6,3.0975,16.0,-140.75500000000014
24713,2020-03-10 00:00:00,20:00,2020-03-10 20:00:00,,0.3,4.4,-3.0,13.750000000000002,15.0,-0.5799999999999539
24713,2020-03-10 00:00:00,08:00,2020-03-10 08:00:00,,0.0,0.0,-5.1,13.750000000000002,15.0,-0.5799999999999539
24713,2020-02-10 00:00:00,20:00,2020-02-10 20:00:00,,0.0,1.2,-5.9,1.225,1.0,13.625
24713,2020-02-10 00:00:00,08:00,2020-02-10 08:00:00,,0.0,-0.7,-3.4,1.225,1.0,13.625
24713,2020-01-10 00:00:00,20:00,2020-01-10 20:00:00,,0.3,0.0,-2.1,-4.1875,0.0,0.0
24713,2020-01-10 00:00:00,08:00,2020-01-10 08:00:00,,0.0,-2.5,-7.1,-4.1875,0.0,0.0
24713,2020-09-30 00:00:00,20:00,2020-09-30 20:00:00,,0.0,0.0,-5.5,-21.7875,21.0,212.16500000000016
24713,2020-09-30 00:00:00,08:00,2020-09-30 08:00:00,,0.0,-10.5,-13.3,-21.7875,21.0,212.16500000000016
24713,2020-09-29 00:00:00,20:00,2020-09-29 20:00:00,,0.0,-0.3,-1.8,-0.15499999999999997,20.0,233.95250000000016
24713,2020-09-29 00:00:00,08:00,2020-09-29 08:00:00,,0.0,0.2,-4.5,-0.15499999999999997,20.0,233.95250000000016
24713,2020-09-28 00:00:00,20:00,2020-09-28 20:00:00,,0.4,8.4,5.3,22.942500000000003,19.0,234.10750000000016
24713,2020-09-28 00:00:00,08:00,2020-09-28 08:00:00,,0.0,4.9,1.1,22.942500000000003,19.0,234.10750000000016
24713,2020-09-27 00:00:00,20:00,2020-09-27 20:00:00,,0.0,5.6,1.5,3.4424999999999994,18.0,211.16500000000016
24713,2020-09-27 00:00:00,08:00,2020-09-27 08:00:00,,0.0,-2.9,-3.9,3.4424999999999994,18.0,211.16500000000016
24713,2020-09-26 00:00:00,20:00,2020-09-26 20:00:00,,0.0,7.6,1.2,6.209999999999999,17.0,207.72250000000017
24713,2020-09-26 00:00:00,08:00,2020-09-26 08:00:00,,0.0,-4.0,-4.5,6.209999999999999,17.0,207.72250000000017
24713,2020-09-25 00:00:00,20:00,2020-09-25 20:00:00,,0.0,8.9,-0.5,32.5,16.0,201.51250000000016
24713,2020-09-25 00:00:00,08:00,2020-09-25 08:00:00,,0.0,1.5,-1.6,32.5,16.0,201.51250000000016
24713,2020-09-24 00:00:00,20:00,2020-09-24 20:00:00,,0.0,12.0,0.8,32.45,15.0,169.01250000000016
24713,2020-09-24 00:00:00,08:00,2020-09-24 08:00:00,,0.0,-1.0,-1.6,32.45,15.0,169.01250000000016
24713,2020-09-23 00:00:00,20:00,2020-09-23 20:00:00,,0.0,8.7,3.4,11.542499999999999,14.0,136.56250000000017
24713,2020-09-23 00:00:00,08:00,2020-09-23 08:00:00,,0.0,-0.6,-1.0,11.542499999999999,14.0,136.56250000000017
24713,2020-09-22 00:00:00,20:00,2020-09-22 20:00:00,,0.0,6.4,2.8,-1.9574999999999998,13.0,125.02000000000018
24713,2020-09-22 00:00:00,08:00,2020-09-22 08:00:00,,0.0,-3.5,,-1.9574999999999998,13.0,125.02000000000018
24713,2020-09-21 00:00:00,20:00,2020-09-21 20:00:00,,0.0,2.6,-1.3,2.25,12.0,126.97750000000018
24713,2020-09-21 00:00:00,08:00,2020-09-21 08:00:00,,0.0,-0.6,-1.2,2.25,12.0,126.97750000000018
24713,2020-09-20 00:00:00,20:00,2020-09-20 20:00:00,,1.0,7.6,5.4,15.599999999999994,11.0,124.72750000000018
24713,2020-09-20 00:00:00,08:00,2020-09-20 08:00:00,,0.3,8.4,6.7,15.599999999999994,11.0,124.72750000000018
24713,2020-09-19 00:00:00,20:00,2020-09-19 20:00:00,,0.0,12.4,2.9,35.510000000000005,10.0,109.12750000000018
24713,2020-09-19 00:00:00,08:00,2020-09-19 08:00:00,,0.0,1.0,-0.1,35.510000000000005,10.0,109.12750000000018
24713,2020-09-18 00:00:00,20:00,2020-09-18 20:00:00,,0.0,13.5,4.1,32.7375,9.0,73.61750000000018
24713,2020-09-18 00:00:00,08:00,2020-09-18 08:00:00,,0.0,0.0,-0.3,32.7375,9.0,73.61750000000018
24713,2020-09-17 00:00:00,20:00,2020-09-17 20:00:00,,0.0,11.0,4.6,16.8,8.0,40.88000000000018
24713,2020-09-17 00:00:00,08:00,2020-09-17 08:00:00,,0.0,-0.5,-0.5,16.8,8.0,40.88000000000018
24713,2020-09-16 00:00:00,20:00,2020-09-16 20:00:00,,0.0,11.0,6.3,17.150000000000002,7.0,24.08000000000018
24713,2020-09-16 00:00:00,08:00,2020-09-16 08:00:00,,0.0,3.0,2.8,17.150000000000002,7.0,24.08000000000018
24713,2020-09-15 00:00:00,20:00,2020-09-15 20:00:00,,0.0,15.0,7.8,36.574999999999996,6.0,6.930000000000177
24713,2020-09-15 00:00:00,08:00,2020-09-15 08:00:00,,0.0,4.0,3.5,36.574999999999996,6.0,6.930000000000177
24713,2020-09-14 00:00:00,20:00,2020-09-14 20:00:00,,0.0,12.2,7.5,15.37,5.0,-29.64499999999982
24713,2020-09-14 00:00:00,08:00,2020-09-14 08:00:00,,0.0,-0.6,-1.2,15.37,5.0,-29.64499999999982
24713,2020-09-13 00:00:00,20:00,2020-09-13 20:00:00,,0.0,11.0,4.9,16.12,4.0,-45.014999999999816
24713,2020-09-13 00:00:00,08:00,2020-09-13 08:00:00,,0.0,-0.6,-0.7,16.12,4.0,-45.014999999999816
24713,2020-12-09 00:00:00,20:00,2020-12-09 20:00:00,,0.0,8.0,5.8,12.779999999999998,3.0,358.54
24713,2020-12-09 00:00:00,08:00,2020-12-09 08:00:00,,0.0,6.2,4.8,12.779999999999998,3.0,358.54
24713,2020-11-09 00:00:00,20:00,2020-11-09 20:00:00,,0.0,9.6,5.7,20.125,2.0,286.385
24713,2020-11-09 00:00:00,08:00,2020-11-09 08:00:00,,0.0,6.5,5.4,20.125,2.0,286.385
24713,2020-10-09 00:00:00,20:00,2020-10-09 20:00:00,,0.0,10.3,4.8,29.452500000000025,4.0,330.28000000000003
24713,2020-10-09 00:00:00,08:00,2020-10-09 08:00:00,,0.0,8.4,7.6,29.452500000000025,4.0,330.28000000000003
24713,2020-09-09 00:00:00,20:00,2020-09-09 20:00:00,,0.3,9.4,8.5,6.3599999999999985,0.0,6.3599999999999985
24713,2020-09-09 00:00:00,08:00,2020-09-09 08:00:00,,6.0,6.5,5.8,6.3599999999999985,0.0,6.3599999999999985
24713,2020-08-09 00:00:00,20:00,2020-08-09 20:00:00,,0.0,8.0,6.7,8.312499999999993,13.0,755.405
24713,2020-08-09 00:00:00,08:00,2020-08-09 08:00:00,,0.3,9.5,8.9,8.312499999999993,13.0,755.405
24713,2020-07-09 00:00:00,20:00,2020-07-09 20:00:00,,3.0,9.6,9.6,4.775,0.0,4.775
24713,2020-07-09 00:00:00,08:00,2020-07-09 08:00:00,,8.0,9.5,8.5,4.775,0.0,4.775
24713,2020-06-09 00:00:00,20:00,2020-06-09 20:00:00,,9.0,11.5,10.5,17.999999999999996,0.0,17.999999999999996
24713,2020-06-09 00:00:00,08:00,2020-06-09 08:00:00,,0.4,11.0,8.8,17.999999999999996,0.0,17.999999999999996
24713,2020-05-09 00:00:00,20:00,2020-05-09 20:00:00,,0.0,17.2,10.5,53.99999999999997,42.0,554.9549999999998
24713,2020-05-09 00:00:00,08:00,2020-05-09 08:00:00,,0.0,11.6,10.8,53.99999999999997,42.0,554.9549999999998
24713,2020-04-09 00:00:00,20:00,2020-04-09 20:00:00,,0.6,11.8,11.2,9.499999999999993,15.0,-143.85250000000013
24713,2020-04-09 00:00:00,08:00,2020-04-09 08:00:00,,0.0,8.2,6.9,9.499999999999993,15.0,-143.85250000000013
24713,2020-03-09 00:00:00,20:00,2020-03-09 20:00:00,,0.0,12.1,7.4,41.57249999999999,14.0,-14.329999999999956
24713,2020-03-09 00:00:00,08:00,2020-03-09 08:00:00,,0.5,12.0,9.8,41.57249999999999,14.0,-14.329999999999956
24713,2020-02-09 00:00:00,20:00,2020-02-09 20:00:00,,10.0,14.4,13.0,12.4,0.0,12.4
24713,2020-02-09 00:00:00,08:00,2020-02-09 08:00:00,,6.0,10.4,9.8,12.4,0.0,12.4
24713,2020-01-09 00:00:00,20:00,2020-01-09 20:00:00,,0.6,12.4,9.7,11.325000000000008,0.0,0.0
24713,2020-01-09 00:00:00,08:00,2020-01-09 08:00:00,,0.0,2.7,2.4,11.325000000000008,0.0,0.0
24713,2020-08-31 00:00:00,20:00,2020-08-31 20:00:00,,2.0,11.4,10.4,3.975,10.0,531.7925
24713,2020-08-31 00:00:00,08:00,2020-08-31 08:00:00,,0.0,4.5,4.5,3.975,10.0,531.7925
24713,2020-08-30 00:00:00,20:00,2020-08-30 20:00:00,,0.0,13.5,10.4,14.602499999999994,9.0,527.8175
24713,2020-08-30 00:00:00,08:00,2020-08-30 08:00:00,,0.0,4.2,4.0,14.602499999999994,9.0,527.8175
24713,2020-08-29 00:00:00,20:00,2020-08-29 20:00:00,,0.0,17.4,10.1,54.75499999999999,8.0,513.215
24713,2020-08-29 00:00:00,08:00,2020-08-29 08:00:00,,0.0,5.9,3.8,54.75499999999999,8.0,513.215
24713,2020-08-28 00:00:00,20:00,2020-08-28 20:00:00,,0.0,18.0,3.2,91.6875,7.0,458.4600000000001
24713,2020-08-28 00:00:00,08:00,2020-08-28 08:00:00,,0.0,4.5,3.0,91.6875,7.0,458.4600000000001
24713,2020-08-27 00:00:00,20:00,2020-08-27 20:00:00,,0.0,15.8,5.3,52.90000000000001,6.0,366.7725000000001
24713,2020-08-27 00:00:00,08:00,2020-08-27 08:00:00,,0.0,2.6,1.6,52.90000000000001,6.0,366.7725000000001
24713,2020-08-26 00:00:00,20:00,2020-08-26 20:00:00,,0.0,16.5,3.3,68.515,5.0,313.87250000000006
24713,2020-08-26 00:00:00,08:00,2020-08-26 08:00:00,,0.0,2.8,1.8,68.515,5.0,313.87250000000006
24713,2020-08-25 00:00:00,20:00,2020-08-25 20:00:00,,0.0,17.0,4.6,65.00999999999999,4.0,245.35750000000004
24713,2020-08-25 00:00:00,08:00,2020-08-25 08:00:00,,0.0,2.7,1.9,65.00999999999999,4.0,245.35750000000004
24713,2020-08-24 00:00:00,20:00,2020-08-24 20:00:00,,0.0,18.0,14.9,19.79250000000001,3.0,180.34750000000005
24713,2020-08-24 00:00:00,08:00,2020-08-24 08:00:00,,0.0,2.3,1.5,19.79250000000001,3.0,180.34750000000005
24713,2020-08-23 00:00:00,20:00,2020-08-23 20:00:00,,0.0,18.8,6.1,84.16750000000003,2.0,160.55500000000004
24713,2020-08-23 00:00:00,08:00,2020-08-23 08:00:00,,0.0,6.9,6.5,84.16750000000003,2.0,160.55500000000004
24713,2020-08-22 00:00:00,20:00,2020-08-22 20:00:00,,0.0,18.0,9.3,65.97500000000001,1.0,76.3875
24713,2020-08-22 00:00:00,08:00,2020-08-22 08:00:00,,0.0,11.0,10.6,65.97500000000001,1.0,76.3875
24713,2020-08-21 00:00:00,20:00,2020-08-21 20:00:00,,8.0,14.0,12.9,10.412499999999996,0.0,10.412499999999996
24713,2020-08-21 00:00:00,08:00,2020-08-21 08:00:00,,1.0,10.5,9.9,10.412499999999996,0.0,10.412499999999996
24713,2020-08-20 00:00:00,20:00,2020-08-20 20:00:00,,0.0,19.3,10.0,33.52250000000001,24.0,1293.4225000000001
24713,2020-08-20 00:00:00,08:00,2020-08-20 08:00:00,,0.0,6.0,,33.52250000000001,24.0,1293.4225000000001
24713,2020-08-19 00:00:00,20:00,2020-08-19 20:00:00,,0.0,19.7,7.7,82.56000000000002,23.0,1259.9
24713,2020-08-19 00:00:00,08:00,2020-08-19 08:00:00,,0.0,5.9,5.0,82.56000000000002,23.0,1259.9
24713,2020-08-18 00:00:00,20:00,2020-08-18 20:00:00,,0.0,20.5,5.9,101.51499999999999,22.0,1177.3400000000001
24713,2020-08-18 00:00:00,08:00,2020-08-18 08:00:00,,0.0,5.2,4.0,101.51499999999999,22.0,1177.3400000000001
24713,2020-08-17 00:00:00,20:00,2020-08-17 20:00:00,,0.0,21.0,6.4,98.27999999999999,21.0,1075.825
24713,2020-08-17 00:00:00,08:00,2020-08-17 08:00:00,,0.0,4.2,3.2,98.27999999999999,21.0,1075.825
24713,2020-08-16 00:00:00,20:00,2020-08-16 20:00:00,,0.0,19.0,6.4,66.80999999999999,20.0,977.545
24713,2020-08-16 00:00:00,08:00,2020-08-16 08:00:00,,0.0,1.4,0.9,66.80999999999999,20.0,977.545
24713,2020-08-15 00:00:00,20:00,2020-08-15 20:00:00,,0.0,13.9,3.5,59.220000000000006,19.0,910.735
24713,2020-08-15 00:00:00,08:00,2020-08-15 08:00:00,,0.0,4.9,2.7,59.220000000000006,19.0,910.735
24713,2020-08-14 00:00:00,20:00,2020-08-14 20:00:00,,0.0,13.4,6.8,61.77000000000001,18.0,851.515
24713,2020-08-14 00:00:00,08:00,2020-08-14 08:00:00,,0.0,7.9,2.9,61.77000000000001,18.0,851.515
24713,2020-08-13 00:00:00,20:00,2020-08-13 20:00:00,,1.0,16.2,6.1,73.66999999999997,17.0,789.745
24713,2020-08-13 00:00:00,08:00,2020-08-13 08:00:00,,0.0,11.6,11.1,73.66999999999997,17.0,789.745
24713,2020-12-08 00:00:00,20:00,2020-12-08 20:00:00,,0.0,26.1,15.0,132.66000000000003,2.0,345.76000000000005
24713,2020-12-08 00:00:00,08:00,2020-12-08 08:00:00,,0.0,13.5,11.2,132.66000000000003,2.0,345.76000000000005
24713,2020-11-08 00:00:00,20:00,2020-11-08 20:00:00,,0.0,24.0,14.8,163.8,1.0,266.26
24713,2020-11-08 00:00:00,08:00,2020-11-08 08:00:00,,0.0,18.0,11.6,163.8,1.0,266.26
24713,2020-10-08 00:00:00,20:00,2020-10-08 20:00:00,,0.0,23.2,13.2,106.63999999999999,3.0,300.8275
24713,2020-10-08 00:00:00,08:00,2020-10-08 08:00:00,,0.0,11.2,8.8,106.63999999999999,3.0,300.8275
24713,2020-09-08 00:00:00,20:00,2020-09-08 20:00:00,,0.0,25.8,11.9,135.21249999999995,1.0,149.88999999999993
24713,2020-09-08 00:00:00,08:00,2020-09-08 08:00:00,,0.0,11.5,10.9,135.21249999999995,1.0,149.88999999999993
24713,2020-08-08 00:00:00,20:00,2020-08-08 20:00:00,,0.0,21.0,14.7,67.07999999999997,12.0,747.0925
24713,2020-08-08 00:00:00,08:00,2020-08-08 08:00:00,,0.0,13.4,11.9,67.07999999999997,12.0,747.0925
24713,2020-07-08 00:00:00,20:00,2020-07-08 20:00:00,,0.0,23.4,15.4,88.02749999999996,3.0,243.96999999999997
24713,2020-07-08 00:00:00,08:00,2020-07-08 08:00:00,,0.0,12.9,11.2,88.02749999999996,3.0,243.96999999999997
24713,2020-06-08 00:00:00,20:00,2020-06-08 20:00:00,,0.0,25.0,10.7,179.19000000000003,3.0,351.885
24713,2020-06-08 00:00:00,08:00,2020-06-08 08:00:00,,0.0,14.6,10.8,179.19000000000003,3.0,351.885
24713,2020-05-08 00:00:00,20:00,2020-05-08 20:00:00,,0.0,23.0,11.2,145.35,41.0,500.9549999999998
24713,2020-05-08 00:00:00,08:00,2020-05-08 08:00:00,,0.0,15.0,11.5,145.35,41.0,500.9549999999998
24713,2020-04-08 00:00:00,20:00,2020-04-08 20:00:00,,0.0,16.0,8.8,94.63749999999997,14.0,-153.35250000000013
24713,2020-04-08 00:00:00,08:00,2020-04-08 08:00:00,,0.0,17.5,13.4,94.63749999999997,14.0,-153.35250000000013
24713,2020-03-08 00:00:00,20:00,2020-03-08 20:00:00,,0.0,26.0,10.8,145.08,13.0,-55.90249999999995
24713,2020-03-08 00:00:00,08:00,2020-03-08 08:00:00,,0.0,11.2,10.8,145.08,13.0,-55.90249999999995
24713,2020-02-08 00:00:00,20:00,2020-02-08 20:00:00,,0.0,26.5,9.8,218.85750000000002,0.0,0.0
24713,2020-02-08 00:00:00,08:00,2020-02-08 08:00:00,,0.0,14.6,10.0,218.85750000000002,0.0,0.0
24713,2020-01-08 00:00:00,20:00,2020-01-08 20:00:00,,0.0,25.7,8.0,185.28000000000003,0.0,0.0
24713,2020-01-08 00:00:00,08:00,2020-01-08 08:00:00,,0.0,12.9,11.4,185.28000000000003,0.0,0.0
24713,2020-07-31 00:00:00,20:00,2020-07-31 20:00:00,,0.0,23.0,11.0,156.04000000000002,6.0,757.8875
24713,2020-07-31 00:00:00,08:00,2020-07-31 08:00:00,,0.0,14.6,10.0,156.04000000000002,6.0,757.8875
24713,2020-07-30 00:00:00,20:00,2020-07-30 20:00:00,,0.0,23.0,10.1,141.80499999999998,5.0,601.8475
24713,2020-07-30 00:00:00,08:00,2020-07-30 08:00:00,,0.0,12.9,10.0,141.80499999999998,5.0,601.8475
24713,2020-07-29 00:00:00,20:00,2020-07-29 20:00:00,,0.0,19.5,11.1,77.5,4.0,460.04249999999996
24713,2020-07-29 00:00:00,08:00,2020-07-29 08:00:00,,0.0,11.5,9.9,77.5,4.0,460.04249999999996
24713,2020-07-28 00:00:00,20:00,2020-07-28 20:00:00,,0.0,18.6,8.1,124.74000000000002,3.0,382.54249999999996
24713,2020-07-28 00:00:00,08:00,2020-07-28 08:00:00,,0.0,12.2,6.5,124.74000000000002,3.0,382.54249999999996
24713,2020-07-27 00:00:00,20:00,2020-07-27 20:00:00,,0.0,19.0,10.7,102.23250000000002,2.0,257.80249999999995
24713,2020-07-27 00:00:00,08:00,2020-07-27 08:00:00,,0.0,12.7,8.1,102.23250000000002,2.0,257.80249999999995
24713,2020-07-26 00:00:00,20:00,2020-07-26 20:00:00,,0.0,19.4,9.2,104.13999999999996,1.0,155.56999999999994
24713,2020-07-26 00:00:00,08:00,2020-07-26 08:00:00,,0.0,13.4,10.9,104.13999999999996,1.0,155.56999999999994
24713,2020-07-25 00:00:00,20:00,2020-07-25 20:00:00,,1.0,16.4,10.6,51.429999999999986,0.0,51.429999999999986
24713,2020-07-25 00:00:00,08:00,2020-07-25 08:00:00,,18.0,11.4,9.8,51.429999999999986,0.0,51.429999999999986
24713,2020-07-24 00:00:00,20:00,2020-07-24 20:00:00,,0.4,17.0,13.1,50.400000000000006,2.0,121.95499999999997
24713,2020-07-24 00:00:00,08:00,2020-07-24 08:00:00,,0.0,15.0,12.6,50.400000000000006,2.0,121.95499999999997
24713,2020-07-23 00:00:00,20:00,2020-07-23 20:00:00,,0.0,20.2,13.0,66.00499999999998,1.0,71.55499999999996
24713,2020-07-23 00:00:00,08:00,2020-07-23 08:00:00,,2.0,10.5,9.1,66.00499999999998,1.0,71.55499999999996
24713,2020-07-22 00:00:00,20:00,2020-07-22 20:00:00,,10.0,11.2,10.4,5.54999999999998,0.0,5.54999999999998
24713,2020-07-22 00:00:00,08:00,2020-07-22 08:00:00,,7.0,11.0,10.8,5.54999999999998,0.0,5.54999999999998
24713,2020-07-21 00:00:00,20:00,2020-07-21 20:00:00,,4.0,14.5,14.0,25.6375,0.0,25.6375
24713,2020-07-21 00:00:00,08:00,2020-07-21 08:00:00,,0.0,14.8,11.8,25.6375,0.0,25.6375
24713,2020-07-20 00:00:00,20:00,2020-07-20 20:00:00,,0.0,18.5,11.0,46.875,2.0,156.145
24713,2020-07-20 00:00:00,08:00,2020-07-20 08:00:00,,0.0,6.5,6.5,46.875,2.0,156.145
24713,2020-07-19 00:00:00,20:00,2020-07-19 20:00:00,,0.0,15.3,7.7,79.85249999999999,1.0,109.27000000000001
24713,2020-07-19 00:00:00,08:00,2020-07-19 08:00:00,,0.0,12.0,7.9,79.85249999999999,1.0,109.27000000000001
24713,2020-07-18 00:00:00,20:00,2020-07-18 20:00:00,,14.0,15.3,13.1,29.417500000000015,0.0,29.417500000000015
24713,2020-07-18 00:00:00,08:00,2020-07-18 08:00:00,,0.4,13.4,11.5,29.417500000000015,0.0,29.417500000000015
24713,2020-07-17 00:00:00,20:00,2020-07-17 20:00:00,,0.0,13.7,9.4,76.14499999999997,7.0,677.185
24713,2020-07-17 00:00:00,08:00,2020-07-17 08:00:00,,0.7,17.7,12.3,76.14499999999997,7.0,677.185
24713,2020-07-16 00:00:00,20:00,2020-07-16 20:00:00,,0.6,17.9,10.5,87.725,6.0,601.04
24713,2020-07-16 00:00:00,08:00,2020-07-16 08:00:00,,0.0,14.0,10.4,87.725,6.0,601.04
24713,2020-07-15 00:00:00,20:00,2020-07-15 20:00:00,,0.8,18.0,17.2,69.22500000000001,5.0,513.3149999999999
24713,2020-07-15 00:00:00,08:00,2020-07-15 08:00:00,,0.0,21.0,14.7,69.22500000000001,5.0,513.3149999999999
24713,2020-07-14 00:00:00,20:00,2020-07-14 20:00:00,,0.0,27.0,7.4,252.29999999999998,4.0,444.0899999999999
24713,2020-07-14 00:00:00,08:00,2020-07-14 08:00:00,,0.0,16.5,12.9,252.29999999999998,4.0,444.0899999999999
24713,2020-07-13 00:00:00,20:00,2020-07-13 20:00:00,,0.0,26.2,12.4,211.575,3.0,191.78999999999994
24713,2020-07-13 00:00:00,08:00,2020-07-13 08:00:00,,,17.2,11.5,211.575,3.0,191.78999999999994
24713,2020-12-07 00:00:00,08:00,2020-12-07 08:00:00,,0.0,17.0,5.1,202.3,1.0,213.10000000000002
24713,2020-11-07 00:00:00,20:00,2020-11-07 20:00:00,,1.0,22.6,12.4,102.46,0.0,102.46
24713,2020-11-07 00:00:00,08:00,2020-11-07 08:00:00,,9.0,15.0,14.3,102.46,0.0,102.46
24713,2020-10-07 00:00:00,20:00,2020-10-07 20:00:00,,0.0,14.9,11.4,28.567500000000017,2.0,194.18750000000003
24713,2020-10-07 00:00:00,08:00,2020-10-07 08:00:00,,0.0,14.4,14.0,28.567500000000017,2.0,194.18750000000003
24713,2020-09-07 00:00:00,20:00,2020-09-07 20:00:00,,7.0,14.9,14.4,14.677499999999988,0.0,14.677499999999988
24713,2020-09-07 00:00:00,08:00,2020-09-07 08:00:00,,0.3,16.0,14.6,14.677499999999988,0.0,14.677499999999988
24713,2020-08-07 00:00:00,20:00,2020-08-07 20:00:00,,0.0,19.8,12.9,52.717500000000015,11.0,680.0125
24713,2020-08-07 00:00:00,08:00,2020-08-07 08:00:00,,0.0,9.9,9.7,52.717500000000015,11.0,680.0125
24713,2020-07-07 00:00:00,20:00,2020-07-07 20:00:00,,0.0,16.0,10.6,56.88000000000002,2.0,155.94250000000002
24713,2020-07-07 00:00:00,08:00,2020-07-07 08:00:00,,0.0,12.8,10.3,56.88000000000002,2.0,155.94250000000002
24713,2020-06-07 00:00:00,20:00,2020-06-07 20:00:00,,0.0,14.9,11.4,34.839999999999996,2.0,172.69499999999996
24713,2020-06-07 00:00:00,08:00,2020-06-07 08:00:00,,0.0,11.9,10.2,34.839999999999996,2.0,172.69499999999996
24713,2020-05-07 00:00:00,20:00,2020-05-07 20:00:00,,0.0,19.5,7.9,124.81499999999998,40.0,355.60499999999985
24713,2020-05-07 00:00:00,08:00,2020-05-07 08:00:00,,0.0,11.9,7.6,124.81499999999998,40.0,355.60499999999985
24713,2020-04-07 00:00:00,20:00,2020-04-07 20:00:00,,0.0,20.0,4.6,179.525,13.0,-247.9900000000001
24713,2020-04-07 00:00:00,08:00,2020-04-07 08:00:00,,0.0,13.4,7.3,179.525,13.0,-247.9900000000001
24713,2020-03-07 00:00:00,20:00,2020-03-07 20:00:00,,0.0,20.5,9.0,186.61500000000007,12.0,-200.98249999999996
24713,2020-03-07 00:00:00,08:00,2020-03-07 08:00:00,,0.0,17.2,8.9,186.61500000000007,12.0,-200.98249999999996
24713,2020-02-07 00:00:00,20:00,2020-02-07 20:00:00,,0.0,25.2,8.6,226.14750000000004,0.0,0.0
24713,2020-02-07 00:00:00,08:00,2020-02-07 08:00:00,,0.0,18.5,14.4,226.14750000000004,0.0,0.0
24713,2020-01-07 00:00:00,20:00,2020-01-07 20:00:00,,0.0,27.0,10.3,229.99750000000006,0.0,0.0
24713,2020-01-07 00:00:00,08:00,2020-01-07 08:00:00,,0.0,19.7,16.7,229.99750000000006,0.0,0.0
24713,2020-06-30 00:00:00,20:00,2020-06-30 20:00:00,,0.0,29.5,13.0,238.86249999999998,21.0,2594.1224999999995
24713,2020-06-30 00:00:00,08:00,2020-06-30 08:00:00,,0.0,19.0,15.8,238.86249999999998,21.0,2594.1224999999995
24713,2020-06-29 00:00:00,20:00,2020-06-29 20:00:00,,2.0,26.1,16.4,146.39250000000007,20.0,2355.2599999999993
24713,2020-06-29 00:00:00,08:00,2020-06-29 08:00:00,,0.0,18.6,15.2,146.39250000000007,20.0,2355.2599999999993
24713,2020-06-28 00:00:00,20:00,2020-06-28 20:00:00,,1.0,24.0,13.6,157.6575,19.0,2208.8674999999994
24713,2020-06-28 00:00:00,08:00,2020-06-28 08:00:00,,0.0,18.9,14.6,157.6575,19.0,2208.8674999999994
24713,2020-06-27 00:00:00,20:00,2020-06-27 20:00:00,,0.0,25.6,11.8,203.13000000000008,18.0,2051.2099999999996
24713,2020-06-27 00:00:00,08:00,2020-06-27 08:00:00,,0.5,18.8,14.3,203.13000000000008,18.0,2051.2099999999996
24713,2020-06-26 00:00:00,20:00,2020-06-26 20:00:00,,0.0,23.5,13.6,112.9875,17.0,1848.0799999999997
24713,2020-06-26 00:00:00,08:00,2020-06-26 08:00:00,,0.0,15.8,14.2,112.9875,17.0,1848.0799999999997
24713,2020-06-25 00:00:00,20:00,2020-06-25 20:00:00,,0.6,18.0,14.9,45.764999999999986,16.0,1735.0924999999997
24713,2020-06-25 00:00:00,08:00,2020-06-25 08:00:00,,0.0,15.9,13.6,45.764999999999986,16.0,1735.0924999999997
24713,2020-06-24 00:00:00,20:00,2020-06-24 20:00:00,,2.0,20.5,11.1,137.81250000000003,15.0,1689.3274999999999
24713,2020-06-24 00:00:00,08:00,2020-06-24 08:00:00,,0.0,17.0,11.7,137.81250000000003,15.0,1689.3274999999999
24713,2020-06-23 00:00:00,20:00,2020-06-23 20:00:00,,0.3,23.5,12.5,165.75750000000002,14.0,1551.5149999999999
24713,2020-06-23 00:00:00,08:00,2020-06-23 08:00:00,,0.0,18.2,13.3,165.75750000000002,14.0,1551.5149999999999
24713,2020-06-22 00:00:00,20:00,2020-06-22 20:00:00,,0.0,24.9,13.1,183.95999999999995,13.0,1385.7575
24713,2020-06-22 00:00:00,08:00,2020-06-22 08:00:00,,0.0,18.9,13.9,183.95999999999995,13.0,1385.7575
24713,2020-06-21 00:00:00,20:00,2020-06-21 20:00:00,,0.0,27.2,12.2,99.68000000000004,12.0,1201.7975
24713,2020-06-21 00:00:00,08:00,2020-06-21 08:00:00,,0.0,8.4,,99.68000000000004,12.0,1201.7975
24713,2020-06-20 00:00:00,20:00,2020-06-20 20:00:00,,0.0,24.0,10.5,192.70000000000002,11.0,1102.1174999999998
24713,2020-06-20 00:00:00,08:00,2020-06-20 08:00:00,,0.0,17.0,11.7,192.70000000000002,11.0,1102.1174999999998
24713,2020-06-19 00:00:00,20:00,2020-06-19 20:00:00,,0.0,23.5,9.3,187.77499999999998,10.0,909.4174999999999
24713,2020-06-19 00:00:00,08:00,2020-06-19 08:00:00,,0.0,13.5,7.4,187.77499999999998,10.0,909.4174999999999
24713,2020-06-18 00:00:00,20:00,2020-06-18 20:00:00,,0.0,22.5,5.9,191.95,9.0,721.6424999999999
24713,2020-06-18 00:00:00,08:00,2020-06-18 08:00:00,,0.0,12.4,7.0,191.95,9.0,721.6424999999999
24713,2020-06-17 00:00:00,20:00,2020-06-17 20:00:00,,0.0,21.0,4.6,181.77249999999998,8.0,529.6925
24713,2020-06-17 00:00:00,08:00,2020-06-17 08:00:00,,0.0,11.9,6.2,181.77249999999998,8.0,529.6925
24713,2020-06-16 00:00:00,20:00,2020-06-16 20:00:00,,0.0,15.6,8.3,103.29499999999996,7.0,347.92
24713,2020-06-16 00:00:00,08:00,2020-06-16 08:00:00,,0.0,12.7,5.4,103.29499999999996,7.0,347.92
24713,2020-06-15 00:00:00,20:00,2020-06-15 20:00:00,,0.0,18.1,3.9,140.66250000000002,6.0,244.62500000000006
24713,2020-06-15 00:00:00,08:00,2020-06-15 08:00:00,,1.0,16.0,13.7,140.66250000000002,6.0,244.62500000000006
24713,2020-06-14 00:00:00,20:00,2020-06-14 20:00:00,,0.0,16.0,5.9,76.5625,5.0,103.96250000000005
24713,2020-06-14 00:00:00,08:00,2020-06-14 08:00:00,,0.0,8.5,6.1,76.5625,5.0,103.96250000000005
24713,2020-06-13 00:00:00,20:00,2020-06-13 20:00:00,,0.0,12.0,5.6,51.975,4.0,27.400000000000045
24713,2020-06-13 00:00:00,08:00,2020-06-13 08:00:00,,0.0,9.0,5.5,51.975,4.0,27.400000000000045
24713,2020-12-06 00:00:00,20:00,2020-12-06 20:00:00,,5.0,11.4,9.4,10.8,0.0,10.8
24713,2020-12-06 00:00:00,08:00,2020-12-06 08:00:00,,10.0,10.2,10.2,10.8,0.0,10.8
24713,2020-11-06 00:00:00,20:00,2020-11-06 20:00:00,,1.0,11.2,10.8,34.964999999999996,5.0,-183.11999999999986
24713,2020-11-06 00:00:00,08:00,2020-11-06 08:00:00,,0.0,11.0,5.1,34.964999999999996,5.0,-183.11999999999986
24713,2020-10-06 00:00:00,20:00,2020-10-06 20:00:00,,0.0,15.7,2.9,117.66,1.0,165.62
24713,2020-10-06 00:00:00,08:00,2020-10-06 08:00:00,,0.0,6.5,-1.9,117.66,1.0,165.62
24713,2020-09-06 00:00:00,20:00,2020-09-06 20:00:00,,0.0,18.0,6.6,137.17,14.0,597.2275000000001
24713,2020-09-06 00:00:00,08:00,2020-09-06 08:00:00,,2.0,13.9,8.1,137.17,14.0,597.2275000000001
24713,2020-08-06 00:00:00,20:00,2020-08-06 20:00:00,,0.6,14.4,12.2,29.819999999999993,10.0,627.2950000000001
24713,2020-08-06 00:00:00,08:00,2020-08-06 08:00:00,,0.6,14.0,12.0,29.819999999999993,10.0,627.2950000000001
24713,2020-07-06 00:00:00,20:00,2020-07-06 20:00:00,,0.0,16.2,11.2,99.0625,1.0,99.0625
24713,2020-07-06 00:00:00,08:00,2020-07-06 08:00:00,,0.0,15.5,8.0,99.0625,1.0,99.0625
24713,2020-06-06 00:00:00,20:00,2020-06-06 20:00:00,,0.0,20.4,6.3,127.99499999999998,1.0,137.85499999999996
24713,2020-06-06 00:00:00,08:00,2020-06-06 08:00:00,,0.0,11.4,9.4,127.99499999999998,1.0,137.85499999999996
24713,2020-05-06 00:00:00,20:00,2020-05-06 20:00:00,,0.6,15.5,8.2,58.69500000000001,39.0,230.78999999999985
24713,2020-05-06 00:00:00,08:00,2020-05-06 08:00:00,,0.0,10.3,8.5,58.69500000000001,39.0,230.78999999999985
24713,2020-04-06 00:00:00,20:00,2020-04-06 20:00:00,,0.0,21.4,7.3,162.54,12.0,-427.5150000000001
24713,2020-04-06 00:00:00,08:00,2020-04-06 08:00:00,,0.0,13.0,8.2,162.54,12.0,-427.5150000000001
24713,2020-03-06 00:00:00,20:00,2020-03-06 20:00:00,,0.0,17.6,7.8,117.23250000000003,11.0,-387.5975
24713,2020-03-06 00:00:00,08:00,2020-03-06 08:00:00,,0.0,14.3,9.4,117.23250000000003,11.0,-387.5975
24713,2020-02-06 00:00:00,20:00,2020-02-06 20:00:00,,0.3,17.9,10.0,123.62999999999998,0.0,0.0
24713,2020-02-06 00:00:00,08:00,2020-02-06 08:00:00,,0.0,13.8,6.1,123.62999999999998,0.0,0.0
24713,2020-01-06 00:00:00,20:00,2020-01-06 20:00:00,,0.0,19.2,2.0,212.16,0.0,0.0
24713,2020-01-06 00:00:00,08:00,2020-01-06 08:00:00,,0.0,12.0,2.0,212.16,0.0,0.0
24713,2020-05-31 00:00:00,20:00,2020-05-31 20:00:00,,0.0,17.0,-1.3,178.22000000000003,15.0,2704.5925000000007
24713,2020-05-31 00:00:00,08:00,2020-05-31 08:00:00,,0.0,9.6,1.1,178.22000000000003,15.0,2704.5925000000007
24713,2020-05-30 00:00:00,20:00,2020-05-30 20:00:00,,0.0,14.7,-2.6,157.68000000000004,14.0,2526.3725000000004
24713,2020-05-30 00:00:00,08:00,2020-05-30 08:00:00,,0.0,6.9,-5.0,157.68000000000004,14.0,2526.3725000000004
24713,2020-05-29 00:00:00,20:00,2020-05-29 20:00:00,,0.0,9.3,-6.0,74.61250000000001,13.0,2368.6925000000006
24713,2020-05-29 00:00:00,08:00,2020-05-29 08:00:00,,0.0,3.4,-4.8,74.61250000000001,13.0,2368.6925000000006
24713,2020-05-28 00:00:00,20:00,2020-05-28 20:00:00,,0.0,4.3,-7.2,25.110000000000003,12.0,2294.0800000000004
24713,2020-05-28 00:00:00,08:00,2020-05-28 08:00:00,,0.3,1.1,-6.0,25.110000000000003,12.0,2294.0800000000004
24713,2020-05-27 00:00:00,20:00,2020-05-27 20:00:00,,0.3,3.1,-2.3,34.919999999999995,11.0,2268.9700000000003
24713,2020-05-27 00:00:00,08:00,2020-05-27 08:00:00,,0.0,6.6,-2.4,34.919999999999995,11.0,2268.9700000000003
24713,2020-05-26 00:00:00,20:00,2020-05-26 20:00:00,,0.6,12.9,1.5,145.90499999999997,10.0,2234.05
24713,2020-05-26 00:00:00,08:00,2020-05-26 08:00:00,,0.0,14.5,4.6,145.90499999999997,10.0,2234.05
24713,2020-05-25 00:00:00,20:00,2020-05-25 20:00:00,,0.0,23.7,4.1,276.0825,9.0,2088.145
24713,2020-05-25 00:00:00,08:00,2020-05-25 08:00:00,,0.0,15.6,7.1,276.0825,9.0,2088.145
24713,2020-05-24 00:00:00,20:00,2020-05-24 20:00:00,,0.0,30.5,6.2,427.16999999999996,8.0,1812.0625
24713,2020-05-24 00:00:00,08:00,2020-05-24 08:00:00,,0.0,18.6,8.1,427.16999999999996,8.0,1812.0625
24713,2020-05-23 00:00:00,20:00,2020-05-23 20:00:00,,0.0,26.0,6.0,257.1075,7.0,1384.8925
24713,2020-05-23 00:00:00,08:00,2020-05-23 08:00:00,,0.0,9.1,-0.2,257.1075,7.0,1384.8925
24713,2020-05-22 00:00:00,20:00,2020-05-22 20:00:00,,0.0,25.3,4.1,311.455,6.0,1127.7849999999999
24713,2020-05-22 00:00:00,08:00,2020-05-22 08:00:00,,0.0,12.0,-0.2,311.455,6.0,1127.7849999999999
24713,2020-05-21 00:00:00,20:00,2020-05-21 20:00:00,,0.0,20.0,1.7,239.34749999999997,5.0,816.3299999999999
24713,2020-05-21 00:00:00,08:00,2020-05-21 08:00:00,,0.0,12.9,2.1,239.34749999999997,5.0,816.3299999999999
24713,2020-05-20 00:00:00,20:00,2020-05-20 20:00:00,,0.0,20.7,-2.3,234.17499999999995,4.0,576.9825
24713,2020-05-20 00:00:00,08:00,2020-05-20 08:00:00,,0.0,11.6,5.6,234.17499999999995,4.0,576.9825
24713,2020-05-19 00:00:00,20:00,2020-05-19 20:00:00,,0.0,14.4,3.7,113.48999999999998,3.0,342.8075
24713,2020-05-19 00:00:00,08:00,2020-05-19 08:00:00,,0.0,9.0,0.3,113.48999999999998,3.0,342.8075
24713,2020-05-18 00:00:00,20:00,2020-05-18 20:00:00,,0.0,18.2,1.6,140.17249999999999,2.0,229.3175
24713,2020-05-18 00:00:00,08:00,2020-05-18 08:00:00,,0.0,6.5,0.4,140.17249999999999,2.0,229.3175
24713,2020-05-17 00:00:00,20:00,2020-05-17 20:00:00,,0.0,12.0,3.2,64.75,1.0,89.145
24713,2020-05-17 00:00:00,08:00,2020-05-17 08:00:00,,1.0,6.5,1.3,64.75,1.0,89.145
24713,2020-05-16 00:00:00,20:00,2020-05-16 20:00:00,,3.0,9.5,1.3,24.395,0.0,24.395
24713,2020-05-16 00:00:00,08:00,2020-05-16 08:00:00,,5.0,2.4,2.4,24.395,0.0,24.395
24713,2020-05-15 00:00:00,20:00,2020-05-15 20:00:00,,5.0,1.2,-3.3,17.22,0.0,17.22
24713,2020-05-15 00:00:00,08:00,2020-05-15 08:00:00,,0.0,3.0,-8.9,17.22,0.0,17.22
24713,2020-05-14 00:00:00,20:00,2020-05-14 20:00:00,,0.0,2.4,-9.5,12.88,47.0,579.5574999999997
24713,2020-05-14 00:00:00,08:00,2020-05-14 08:00:00,,0.0,-0.1,-10.6,12.88,47.0,579.5574999999997
24713,2020-05-13 00:00:00,20:00,2020-05-13 20:00:00,,0.0,3.2,-10.1,12.265,46.0,566.6774999999997
24713,2020-05-13 00:00:00,08:00,2020-05-13 08:00:00,,0.0,-1.0,-10.0,12.265,46.0,566.6774999999997
24713,2020-12-05 00:00:00,20:00,2020-12-05 20:00:00,,0.0,4.0,-10.8,35.6125,11.0,-197.74
24713,2020-12-05 00:00:00,08:00,2020-12-05 08:00:00,,0.0,1.5,-9.6,35.6125,11.0,-197.74
24713,2020-11-05 00:00:00,20:00,2020-11-05 20:00:00,,0.0,8.8,-9.6,78.30000000000001,4.0,-218.08499999999987
24713,2020-11-05 00:00:00,08:00,2020-11-05 08:00:00,,0.0,2.0,-8.6,78.30000000000001,4.0,-218.08499999999987
24713,2020-10-05 00:00:00,20:00,2020-10-05 20:00:00,,0.0,3.4,-9.2,47.96000000000001,0.0,47.96000000000001
24713,2020-10-05 00:00:00,08:00,2020-10-05 08:00:00,,8.0,7.5,2.5,47.96000000000001,0.0,47.96000000000001
24713,2020-09-05 00:00:00,20:00,2020-09-05 20:00:00,,0.0,7.1,-3.5,29.099999999999998,13.0,460.05750000000006
24713,2020-09-05 00:00:00,08:00,2020-09-05 08:00:00,,0.0,-1.1,-9.9,29.099999999999998,13.0,460.05750000000006
24713,2020-08-05 00:00:00,20:00,2020-08-05 20:00:00,,0.0,5.4,-13.3,17.355000000000004,9.0,597.475
24713,2020-08-05 00:00:00,08:00,2020-08-05 08:00:00,5.0,0.0,-2.8,-10.8,17.355000000000004,9.0,597.475
24713,2020-07-05 00:00:00,20:00,2020-07-05 20:00:00,,2.0,4.2,-9.8,0.0,0.0,0.0
24713,2020-07-05 00:00:00,08:00,2020-07-05 08:00:00,5.0,4.0,-4.2,-9.2,0.0,0.0,0.0
24713,2020-06-05 00:00:00,20:00,2020-06-05 20:00:00,,3.0,-1.1,-5.7,9.86,0.0,9.86
24713,2020-06-05 00:00:00,08:00,2020-06-05 08:00:00,,0.0,4.5,-2.5,9.86,0.0,9.86
24713,2020-05-05 00:00:00,20:00,2020-05-05 20:00:00,,0.0,14.7,-1.8,170.04749999999999,38.0,172.09499999999983
24713,2020-05-05 00:00:00,08:00,2020-05-05 08:00:00,,0.0,9.0,-3.2,170.04749999999999,38.0,172.09499999999983
24713,2020-04-05 00:00:00,20:00,2020-04-05 20:00:00,,0.0,13.0,-8.1,120.75000000000001,11.0,-590.0550000000001
24713,2020-04-05 00:00:00,08:00,2020-04-05 08:00:00,,0.0,2.0,-9.1,120.75000000000001,11.0,-590.0550000000001
24713,2020-03-05 00:00:00,20:00,2020-03-05 20:00:00,,0.0,9.6,-10.0,96.0,10.0,-504.83000000000004
24713,2020-03-05 00:00:00,08:00,2020-03-05 08:00:00,,0.0,2.4,,96.0,10.0,-504.83000000000004
24713,2020-02-05 00:00:00,20:00,2020-02-05 20:00:00,,0.0,7.5,-11.4,43.245000000000005,0.0,0.0
24713,2020-02-05 00:00:00,08:00,2020-02-05 08:00:00,,0.0,-1.3,-10.3,43.245000000000005,0.0,0.0
24713,2020-01-05 00:00:00,20:00,2020-01-05 20:00:00,,0.0,1.4,-13.1,20.299999999999997,0.0,0.0
24713,2020-04-29 00:00:00,08:00,2020-04-29 08:00:00,,1.0,0.5,-5.3,2.9,35.0,72.69749999999988
24713,2020-04-28 00:00:00,20:00,2020-04-28 20:00:00,,0.0,5.5,2.3,57.399999999999984,34.0,69.79749999999987
24713,2020-04-28 00:00:00,08:00,2020-04-28 08:00:00,,0.0,10.9,0.1,57.399999999999984,34.0,69.79749999999987
24713,2020-04-27 00:00:00,20:00,2020-04-27 20:00:00,,0.0,9.0,-2.1,64.125,33.0,12.39749999999988
24713,2020-04-27 00:00:00,08:00,2020-04-27 08:00:00,,0.0,2.4,-9.0,64.125,33.0,12.39749999999988
24713,2020-04-26 00:00:00,20:00,2020-04-26 20:00:00,,0.0,4.5,-10.3,83.5125,32.0,-51.72750000000012
24713,2020-04-26 00:00:00,08:00,2020-04-26 08:00:00,,0.0,8.6,-2.1,83.5125,32.0,-51.72750000000012
24713,2020-04-25 00:00:00,20:00,2020-04-25 20:00:00,,0.0,12.7,-3.1,118.575,31.0,-135.24000000000012
24713,2020-04-25 00:00:00,08:00,2020-04-25 08:00:00,,0.0,5.9,-3.8,118.575,31.0,-135.24000000000012
24713,2020-04-24 00:00:00,20:00,2020-04-24 20:00:00,,0.0,10.0,-5.6,45.36000000000001,30.0,-253.8150000000001
24713,2020-04-24 00:00:00,08:00,2020-04-24 08:00:00,,0.0,-1.6,-7.6,45.36000000000001,30.0,-253.8150000000001
24713,2020-04-23 00:00:00,20:00,2020-04-23 20:00:00,,0.0,7.2,-7.1,51.205,29.0,-299.1750000000001
24713,2020-04-23 00:00:00,08:00,2020-04-23 08:00:00,1.0,0.0,2.6,-4.0,51.205,29.0,-299.1750000000001
24713,2020-04-22 00:00:00,20:00,2020-04-22 20:00:00,,0.6,0.5,-7.7,-5.95,28.0,-350.3800000000001
24713,2020-04-22 00:00:00,08:00,2020-04-22 08:00:00,1.0,0.0,-2.5,-6.2,-5.95,28.0,-350.3800000000001
24713,2020-04-21 00:00:00,20:00,2020-04-21 20:00:00,,0.0,9.0,-9.1,22.419999999999998,27.0,-344.4300000000001
24713,2020-04-21 00:00:00,08:00,2020-04-21 08:00:00,1.0,0.0,-5.2,-10.7,22.419999999999998,27.0,-344.4300000000001
24713,2020-04-20 00:00:00,20:00,2020-04-20 20:00:00,,0.0,5.0,-11.0,-23.849999999999998,26.0,-366.85000000000014
24713,2020-04-20 00:00:00,08:00,2020-04-20 08:00:00,2.0,0.0,-9.5,-14.7,-23.849999999999998,26.0,-366.85000000000014
24713,2020-04-19 00:00:00,20:00,2020-04-19 20:00:00,,0.0,-1.0,-13.5,-52.260000000000005,25.0,-343.0000000000001
24713,2020-04-19 00:00:00,08:00,2020-04-19 08:00:00,2.0,0.0,-9.4,-17.0,-52.260000000000005,25.0,-343.0000000000001
24713,2020-04-18 00:00:00,20:00,2020-04-18 20:00:00,,0.0,-4.0,-18.1,-78.315,24.0,-290.7400000000001
24713,2020-04-18 00:00:00,08:00,2020-04-18 08:00:00,2.0,0.0,-9.8,-18.4,-78.315,24.0,-290.7400000000001
24713,2020-04-17 00:00:00,20:00,2020-04-17 20:00:00,,0.0,-3.7,-17.4,-67.5675,23.0,-212.42500000000015
24713,2020-04-17 00:00:00,08:00,2020-04-17 08:00:00,3.0,0.0,-8.0,-17.4,-67.5675,23.0,-212.42500000000015
24713,2020-04-16 00:00:00,20:00,2020-04-16 20:00:00,,0.0,-1.2,-15.4,-27.26,22.0,-144.85750000000016
24713,2020-04-16 00:00:00,08:00,2020-04-16 08:00:00,7.0,0.0,-3.5,-12.5,-27.26,22.0,-144.85750000000016
24713,2020-04-15 00:00:00,20:00,2020-04-15 20:00:00,,0.0,4.5,-5.5,1.975,21.0,-117.59750000000017
24713,2020-04-15 00:00:00,08:00,2020-04-15 08:00:00,9.0,0.0,-4.0,-9.8,1.975,21.0,-117.59750000000017
24713,2020-04-14 00:00:00,20:00,2020-04-14 20:00:00,,0.0,10.7,-7.5,36.06749999999999,20.0,-119.57250000000016
24713,2020-04-14 00:00:00,08:00,2020-04-14 08:00:00,11.0,0.0,-4.4,-9.1,36.06749999999999,20.0,-119.57250000000016
24713,2020-04-13 00:00:00,20:00,2020-04-13 20:00:00,,0.0,8.0,-6.6,21.832499999999996,19.0,-155.64000000000016
24713,2020-04-13 00:00:00,08:00,2020-04-13 08:00:00,17.0,0.0,-3.9,-10.6,21.832499999999996,19.0,-155.64000000000016
24713,2020-12-04 00:00:00,20:00,2020-12-04 20:00:00,,0.0,6.4,-8.2,30.24,10.0,-233.35250000000002
24713,2020-12-04 00:00:00,08:00,2020-12-04 08:00:00,19.0,0.0,-1.0,-8.8,30.24,10.0,-233.35250000000002
24713,2020-11-04 00:00:00,20:00,2020-11-04 20:00:00,,0.0,1.5,-6.7,4.922500000000001,3.0,-296.3849999999999
24713,2020-11-04 00:00:00,08:00,2020-11-04 08:00:00,27.0,0.0,-0.4,-10.1,4.922500000000001,3.0,-296.3849999999999
24713,2020-10-04 00:00:00,20:00,2020-10-04 20:00:00,,0.0,3.5,-13.1,28.0,23.0,7.995000000000317
24713,2020-10-04 00:00:00,08:00,2020-10-04 08:00:00,35.0,0.0,1.5,-4.3,28.0,23.0,7.995000000000317
24713,2020-09-04 00:00:00,20:00,2020-09-04 20:00:00,,0.0,13.0,-7.5,53.6,12.0,430.95750000000004
24713,2020-09-04 00:00:00,08:00,2020-09-04 08:00:00,39.0,0.0,-5.0,-11.3,53.6,12.0,430.95750000000004
24713,2020-08-04 00:00:00,20:00,2020-08-04 20:00:00,,0.0,10.5,-12.1,19.669999999999998,8.0,580.12
24713,2020-08-04 00:00:00,08:00,2020-08-04 08:00:00,39.0,0.0,-7.7,-13.2,19.669999999999998,8.0,580.12
24713,2020-07-04 00:00:00,20:00,2020-07-04 20:00:00,,0.0,9.0,-12.2,-2.690000000000002,23.0,2435.6099999999997
24713,2020-07-04 00:00:00,08:00,2020-07-04 08:00:00,46.0,0.0,-9.4,-15.1,-2.690000000000002,23.0,2435.6099999999997
24713,2020-06-04 00:00:00,20:00,2020-06-04 20:00:00,,0.0,7.0,-10.2,36.162499999999994,17.0,2680.1250000000005
24713,2020-06-04 00:00:00,08:00,2020-06-04 08:00:00,47.0,0.0,-1.5,-10.6,36.162499999999994,17.0,2680.1250000000005
24713,2020-05-04 00:00:00,20:00,2020-05-04 20:00:00,,0.0,4.4,-8.9,5.917500000000001,37.0,2.0474999999998547
24713,2020-05-04 00:00:00,08:00,2020-05-04 08:00:00,46.0,0.0,-3.5,-16.5,5.917500000000001,37.0,2.0474999999998547
24713,2020-04-04 00:00:00,20:00,2020-04-04 20:00:00,,0.0,-2.5,-16.1,4.185,10.0,-710.8050000000001
24713,2020-04-04 00:00:00,08:00,2020-04-04 08:00:00,49.0,0.0,3.4,-1.6,4.185,10.0,-710.8050000000001
24713,2020-03-04 00:00:00,20:00,2020-03-04 20:00:00,,0.0,-2.5,-17.7,-115.57499999999996,9.0,-600.83
24713,2020-03-04 00:00:00,08:00,2020-03-04 08:00:00,49.0,0.0,-20.5,-25.4,-115.57499999999996,9.0,-600.83
24713,2020-02-04 00:00:00,20:00,2020-02-04 20:00:00,,0.0,-5.0,-19.7,-111.26250000000002,0.0,0.0
24713,2020-02-04 00:00:00,08:00,2020-02-04 08:00:00,49.0,0.0,-16.5,-22.5,-111.26250000000002,0.0,0.0
24713,2020-01-04 00:00:00,20:00,2020-01-04 20:00:00,,0.0,-6.0,-21.3,-139.1925,0.0,0.0
24713,2020-01-04 00:00:00,08:00,2020-01-04 08:00:00,52.0,0.0,-21.7,-26.5,-139.1925,0.0,0.0
24713,2020-03-31 00:00:00,20:00,2020-03-31 20:00:00,,0.0,-3.1,-17.5,-41.99,8.0,-635.43
24713,2020-03-31 00:00:00,08:00,2020-03-31 08:00:00,52.0,0.9,-3.7,-14.0,-41.99,8.0,-635.43
24713,2020-03-30 00:00:00,20:00,2020-03-30 20:00:00,,0.0,-1.0,-12.9,-35.8425,7.0,-593.4399999999999
24713,2020-03-30 00:00:00,08:00,2020-03-30 08:00:00,50.0,0.0,-7.1,-12.9,-35.8425,7.0,-593.4399999999999
24713,2020-03-29 00:00:00,20:00,2020-03-29 20:00:00,,1.0,-3.5,-9.1,-39.8475,6.0,-557.5975
24713,2020-03-29 00:00:00,08:00,2020-03-29 08:00:00,51.0,0.0,-12.6,-16.9,-39.8475,6.0,-557.5975
24713,2020-03-28 00:00:00,20:00,2020-03-28 20:00:00,,0.6,-3.0,-7.2,-18.200000000000003,5.0,-517.75
24713,2020-03-28 00:00:00,08:00,2020-03-28 08:00:00,49.0,0.8,-5.0,-9.9,-18.200000000000003,5.0,-517.75
24713,2020-03-27 00:00:00,20:00,2020-03-27 20:00:00,,0.3,-3.9,-10.1,-46.50499999999999,4.0,-499.55
24713,2020-03-27 00:00:00,08:00,2020-03-27 08:00:00,49.0,0.0,-10.3,-17.2,-46.50499999999999,4.0,-499.55
24713,2020-03-26 00:00:00,20:00,2020-03-26 20:00:00,,0.0,-7.5,-15.5,-120.93499999999999,3.0,-453.045
24713,2020-03-26 00:00:00,08:00,2020-03-26 08:00:00,49.0,0.0,-28.6,-34.0,-120.93499999999999,3.0,-453.045
24713,2020-03-25 00:00:00,20:00,2020-03-25 20:00:00,,0.0,-11.5,-19.9,-145.27,2.0,-332.11
24713,2020-03-25 00:00:00,08:00,2020-03-25 08:00:00,49.0,0.0,-28.3,-34.5,-145.27,2.0,-332.11
24713,2020-03-24 00:00:00,20:00,2020-03-24 20:00:00,,0.0,-17.5,-29.3,-174.825,1.0,-186.83999999999997
24713,2020-03-24 00:00:00,08:00,2020-03-24 08:00:00,48.0,0.3,-20.3,-27.0,-174.825,1.0,-186.83999999999997
24713,2020-03-23 00:00:00,20:00,2020-03-23 20:00:00,,3.0,-5.9,-12.2,-12.014999999999999,0.0,-12.014999999999999
24713,2020-03-23 00:00:00,08:00,2020-03-23 08:00:00,49.0,2.0,0.5,-2.1,-12.014999999999999,0.0,-12.014999999999999
24713,2020-03-22 00:00:00,20:00,2020-03-22 20:00:00,,0.0,-2.5,-8.5,-58.04250000000001,27.0,-800.0749999999999
24713,2020-03-22 00:00:00,08:00,2020-03-22 08:00:00,49.0,0.0,-18.8,-23.7,-58.04250000000001,27.0,-800.0749999999999
24713,2020-03-21 00:00:00,20:00,2020-03-21 20:00:00,,0.0,-8.7,-21.2,-66.6,26.0,-742.0324999999999
24713,2020-03-21 00:00:00,08:00,2020-03-21 08:00:00,49.0,0.0,-6.1,-11.6,-66.6,26.0,-742.0324999999999
24713,2020-03-20 00:00:00,20:00,2020-03-20 20:00:00,,0.0,-3.6,-3.8,-27.500000000000004,25.0,-675.4324999999999
24713,2020-03-20 00:00:00,08:00,2020-03-20 08:00:00,51.0,0.0,-8.9,-17.5,-27.500000000000004,25.0,-675.4324999999999
24713,2020-03-19 00:00:00,20:00,2020-03-19 20:00:00,,0.5,-9.5,-17.1,-51.92500000000001,24.0,-647.9324999999999
24713,2020-03-19 00:00:00,08:00,2020-03-19 08:00:00,50.0,0.6,-6.0,-11.8,-51.92500000000001,24.0,-647.9324999999999
24713,2020-03-18 00:00:00,20:00,2020-03-18 20:00:00,,0.0,-10.6,-23.1,-163.35250000000002,23.0,-596.0074999999999
24713,2020-03-18 00:00:00,08:00,2020-03-18 08:00:00,47.0,0.0,-25.5,-31.1,-163.35250000000002,23.0,-596.0074999999999
24713,2020-03-17 00:00:00,20:00,2020-03-17 20:00:00,,2.0,-9.6,-16.0,-37.51,22.0,-432.655
24713,2020-03-17 00:00:00,08:00,2020-03-17 08:00:00,48.0,0.0,-2.8,-8.5,-37.51,22.0,-432.655
24713,2020-03-16 00:00:00,20:00,2020-03-16 20:00:00,,0.0,-1.0,-7.7,-5.85,21.0,-395.145
24713,2020-03-16 00:00:00,08:00,2020-03-16 08:00:00,48.0,0.0,-1.0,-6.0,-5.85,21.0,-395.145
24713,2020-03-15 00:00:00,20:00,2020-03-15 20:00:00,,0.0,1.0,-10.3,-48.36,20.0,-389.29499999999996
24713,2020-03-15 00:00:00,08:00,2020-03-15 08:00:00,48.0,0.0,-13.4,-17.7,-48.36,20.0,-389.29499999999996
24713,2020-03-14 00:00:00,20:00,2020-03-14 20:00:00,,0.0,-5.6,-14.4,-154.71749999999997,19.0,-340.93499999999995
24713,2020-03-14 00:00:00,08:00,2020-03-14 08:00:00,48.0,0.0,-36.5,-42.4,-154.71749999999997,19.0,-340.93499999999995
24713,2020-03-13 00:00:00,20:00,2020-03-13 20:00:00,,0.0,-16.7,-27.2,-176.60500000000005,18.0,-186.2175
24713,2020-03-13 00:00:00,08:00,2020-03-13 08:00:00,49.0,0.0,-17.1,-27.5,-176.60500000000005,18.0,-186.2175
24713,2020-12-03 00:00:00,20:00,2020-12-03 20:00:00,,0.7,-5.5,-11.6,-76.05,9.0,-263.59250000000003
24713,2020-12-03 00:00:00,08:00,2020-12-03 08:00:00,49.0,0.0,-17.9,-24.8,-76.05,9.0,-263.59250000000003
24713,2020-11-03 00:00:00,20:00,2020-11-03 20:00:00,,0.0,-18.7,-30.4,-261.5274999999999,2.0,-301.3074999999999
24713,2020-11-03 00:00:00,08:00,2020-11-03 08:00:00,49.0,0.0,-43.2,-48.4,-261.5274999999999,2.0,-301.3074999999999
24713,2020-10-03 00:00:00,20:00,2020-10-03 20:00:00,,0.0,-25.9,-34.4,-232.16999999999985,22.0,-20.004999999999683
24713,2020-10-03 00:00:00,08:00,2020-10-03 08:00:00,49.0,0.0,-39.5,-45.2,-232.16999999999985,22.0,-20.004999999999683
24713,2020-09-03 00:00:00,20:00,2020-09-03 20:00:00,,0.0,-22.0,-29.7,-154.435,11.0,377.3575
24713,2020-09-03 00:00:00,08:00,2020-09-03 08:00:00,48.0,0.7,-24.1,-29.8,-154.435,11.0,377.3575
24713,2020-08-03 00:00:00,20:00,2020-08-03 20:00:00,,0.0,-18.0,-25.9,-197.4375,7.0,560.45
24713,2020-08-03 00:00:00,08:00,2020-08-03 08:00:00,51.0,0.0,-40.5,-46.1,-197.4375,7.0,560.45
24713,2020-07-03 00:00:00,20:00,2020-07-03 20:00:00,,0.0,-20.5,-29.4,-155.82249999999996,22.0,2438.2999999999997
24713,2020-07-03 00:00:00,08:00,2020-07-03 08:00:00,50.0,0.0,-19.2,-26.0,-155.82249999999996,22.0,2438.2999999999997
24713,2020-06-03 00:00:00,20:00,2020-06-03 20:00:00,,0.0,-10.3,-17.6,-60.63,16.0,2643.9625000000005
24713,2020-06-03 00:00:00,08:00,2020-06-03 08:00:00,49.0,1.0,-6.9,-13.7,-60.63,16.0,2643.9625000000005
24713,2020-05-03 00:00:00,20:00,2020-05-03 20:00:00,,0.0,-5.4,-11.9,-76.56750000000002,36.0,-3.8700000000001467
24713,2020-05-03 00:00:00,08:00,2020-05-03 08:00:00,50.0,0.0,-19.5,-25.3,-76.56750000000002,36.0,-3.8700000000001467
24713,2020-04-03 00:00:00,20:00,2020-04-03 20:00:00,,0.0,-11.5,-19.9,-79.56,9.0,-714.99
24713,2020-04-03 00:00:00,08:00,2020-04-03 08:00:00,50.0,0.0,-11.9,-17.1,-79.56,9.0,-714.99
24713,2020-03-03 00:00:00,20:00,2020-03-03 20:00:00,,0.0,-8.0,-16.7,-85.25999999999999,8.0,-485.25500000000005
24713,2020-03-03 00:00:00,08:00,2020-03-03 08:00:00,50.0,0.0,-15.2,-21.2,-85.25999999999999,8.0,-485.25500000000005
24713,2020-02-03 00:00:00,20:00,2020-02-03 20:00:00,,0.0,-14.4,-21.5,-145.08000000000007,0.0,0.0
24713,2020-02-03 00:00:00,08:00,2020-02-03 08:00:00,51.0,0.0,-32.4,-37.7,-145.08000000000007,0.0,0.0
24713,2020-01-03 00:00:00,20:00,2020-01-03 20:00:00,,0.0,-16.5,-23.4,-144.87499999999994,0.0,0.0
24713,2020-01-03 00:00:00,08:00,2020-01-03 08:00:00,51.0,0.0,-31.0,-36.3,-144.87499999999994,0.0,0.0
24713,2020-02-29 00:00:00,20:00,2020-02-29 20:00:00,,0.0,-15.1,-20.2,-83.52750000000002,7.0,-399.99500000000006
24713,2020-02-29 00:00:00,08:00,2020-02-29 08:00:00,52.0,0.0,-15.0,-21.0,-83.52750000000002,7.0,-399.99500000000006
24713,2020-02-28 00:00:00,20:00,2020-02-28 20:00:00,,0.0,-9.2,-18.8,-96.72000000000004,6.0,-316.46750000000003
24713,2020-02-28 00:00:00,08:00,2020-02-28 08:00:00,52.0,0.0,-15.6,-21.6,-96.72000000000004,6.0,-316.46750000000003
24713,2020-02-27 00:00:00,20:00,2020-02-27 20:00:00,,0.0,-16.5,-22.5,-122.0625,5.0,-219.74749999999997
24713,2020-02-27 00:00:00,08:00,2020-02-27 08:00:00,52.0,0.0,-30.0,-34.5,-122.0625,5.0,-219.74749999999997
24713,2020-02-26 00:00:00,20:00,2020-02-26 20:00:00,,0.0,-15.3,-21.3,-91.80000000000001,4.0,-97.68499999999997
