district,NP,station,number,lat_station,lon_station,poly_wkt,HubName,HubDist,centroid
Бодайбинский,Большой Патом,Мача,30074,59.9,117.583333,"POLYGON ((116.897001 60.074239, 116.897658 60.078484, 116.897811 60.07888699999999, 116.898013 60.08061, 116.898356 60.081426, 116.898739 60.08287, 116.899083 60.08343, 116.899515 60.083733, 116.90068 60.08369, 116.901325 60.083583, 116.901715 60.08323799999999, 116.90172 60.081342, 116.902201 60.079854, 116.902462 60.078627, 116.902466 60.078001, 116.901992 60.077505, 116.901691 60.077031, 116.902039 60.07649199999999, 116.902732 60.075523, 116.902733 60.075199, 116.902 60.074832, 116.899415 60.074227, 116.89823 60.074191, 116.897001 60.074239))",Мача,43.0208689658677,POINT (116.8999046614656 60.07851816221432)
Бодайбинский,Кропоткин,Улан-Макит,30356,56.366667,114.633333,"POLYGON ((115.29095 58.500999, 115.29167 58.50241699999999, 115.293119 58.50223, 115.294347 58.504434, 115.296523 58.507578, 115.297209 58.509035, 115.299207 58.508863, 115.300038 58.511885, 115.303555 58.512527, 115.30482 58.512527, 115.307053 58.514867, 115.311317 58.514599, 115.311307 58.51232599999999, 115.311759 58.50950899999999, 115.311685 58.506304, 115.310664 58.50632599999999, 115.310609 58.505326, 115.311771 58.504175, 115.306048 58.502168, 115.306597 58.501751, 115.304758 58.500836, 115.304039 58.499401, 115.305434 58.499199, 115.304361 58.497305, 115.300025 58.497972, 115.298296 58.49568799999999, 115.294776 58.49638599999999, 115.296466 58.498591, 115.291492 58.499484, 115.292299 58.500753, 115.29095 58.500999))",Светлый,42.8359047914631,POINT (115.3025809627534 58.50534064629347)
Бодайбинский,Мамакан,Мамакан,30252,57.816667,114.0,"POLYGON ((113.971601 57.81712599999999, 113.977953 57.819416, 113.981708 57.820229, 113.985828 57.819439, 113.991321 57.819176, 113.996578 57.819944, 113.998874 57.819858, 113.998863 57.819612, 114.002726 57.819526, 114.005151 57.819795, 114.007844 57.820425, 114.010279 57.82058, 114.014238 57.82058499999999, 114.016598 57.821015, 114.022419 57.820764, 114.024962 57.820306, 114.027258 57.819545, 114.028538 57.818546, 114.029665 57.817138, 114.029847 57.816239, 114.029601 57.814407, 114.030668 57.812631, 114.030915 57.811085, 114.030475 57.809745, 114.029123 57.808256, 114.017579 57.809596, 114.015047 57.809482, 114.015068 57.809997, 114.015798 57.810719, 114.014274 57.811555, 114.016055 57.81249399999999, 114.017686 57.812608, 114.017665 57.81395999999999, 114.007064 57.814097, 114.00376 57.812963, 113.994498 57.813273, 113.993102 57.81589, 113.981751 57.815912, 113.973361 57.815191, 113.971601 57.81712599999999))",Мамакан,0.486704780485021,POINT (114.0080953186704 57.81600853204305)
Бодайбинский,Апрельск,Светлый,30165,58.416667,116.016667,"POLYGON ((114.570117 58.18923299999999, 114.572973 58.189362, 114.573406 58.189196, 114.573088 58.18816, 114.573238 58.187048, 114.57403 58.186951, 114.576781 58.187117, 114.577659 58.187234, 114.578886 58.18782599999999, 114.579368 58.18808499999999, 114.579855 58.188204, 114.580656 58.187877, 114.581139 58.187633, 114.581299 58.187503, 114.581742 58.186934, 114.582294 58.18733, 114.582943 58.187577, 114.583317 58.187788, 114.583881 58.188011, 114.583237 58.188519, 114.584019 58.18873199999999, 114.587135 58.190017, 114.588425 58.18995899999999, 114.590478 58.188078, 114.588265 58.18723, 114.584012 58.185739, 114.583768 58.185585, 114.582572 58.185031, 114.581704 58.18478099999999, 114.582314 58.184579, 114.582769 58.184117, 114.581862 58.183628, 114.581712 58.18331, 114.580576 58.182185, 114.579096 58.182407, 114.577629 58.18244199999999, 114.576986 58.181466, 114.574376 58.181763, 114.57532 58.183437, 114.573627 58.183894, 114.572685 58.18395, 114.572036 58.183814, 114.57206 58.182772, 114.570982 58.182752, 114.570795 58.185404, 114.570117 58.18923299999999))",Бодайбо,42.1451357903051,POINT (114.5788012716899 58.18594506566297)
Бодайбинский,Артемовский,Светлый,30165,58.416667,116.016667,"POLYGON ((114.610988 58.201928, 114.611386 58.20223499999999, 114.611579 58.202544, 114.613092 58.203788, 114.613893 58.20410399999999, 114.614278 58.20440199999999, 114.614404 58.204738, 114.614844 58.20509699999999, 114.616365 58.20542099999999, 114.616964 58.205897, 114.616483 58.206602, 114.615956 58.20706, 114.615364 58.208257, 114.621229 58.210093, 114.622206 58.20970999999999, 114.622986 58.209763, 114.623244 58.208688, 114.624262 58.208422, 114.62723 58.20966499999999, 114.627851 58.20981399999999, 114.628702 58.209869, 114.629638 58.20976899999999, 114.631381 58.210909, 114.6339 58.21102, 114.635369 58.210645, 114.63658 58.210915, 114.637748 58.210935, 114.642155 58.20847, 114.645748 58.207942, 114.649415 58.208721, 114.650933 58.208943, 114.65185 58.209606, 114.651697 58.209967, 114.651749 58.211141, 114.652116 58.211626, 114.656426 58.212889, 114.667847 58.215846, 114.668206 58.215534, 114.674882 58.218017, 114.675956 58.217178, 114.677649 58.216796, 114.676572 58.215666, 114.676094 58.215457, 114.676046 58.215217, 114.674933 58.214023, 114.674211 58.214136, 114.673524 58.21368099999999, 114.671556 58.21288, 114.666831 58.211298, 114.666983 58.210395, 114.665256 58.209877, 114.666129 58.209136, 114.665495 58.207901, 114.663416 58.206011, 114.660279 58.20413199999999, 114.659137 58.202202, 114.658466 58.201462, 114.658097 58.20073, 114.657515 58.198792, 114.657156 58.19670799999999, 114.656497 58.19618699999999, 114.656387 58.195958, 114.655546 58.195315, 114.652881 58.196046, 114.652062 58.196563, 114.651125 58.197512, 114.650547 58.197876, 114.649758 58.19773199999999, 114.648943 58.197271, 114.647487 58.197988, 114.64633 58.198649, 114.646022 58.199009, 114.64594 58.199296, 114.645974 58.199564, 114.646293 58.200106, 114.647927 58.201503, 114.646349 58.201973, 114.644603 58.201924, 114.64314 58.202367, 114.641415 58.203171, 114.640328 58.203416, 114.640112 58.204102, 114.637943 58.204268, 114.635159 58.204135, 114.635005 58.203548, 114.633873 58.20284299999999, 114.631931 58.202424, 114.630932 58.20311299999999, 114.629775 58.203239, 114.62965 58.202903, 114.628419 58.202959, 114.626715 58.20233899999999, 114.627146 58.201774, 114.625324 58.199884, 114.624516 58.19993599999999, 114.623626 58.20029599999999, 114.624514 58.201528, 114.625858 58.202931, 114.62551 58.203241, 114.628364 58.204406, 114.627915 58.204966, 114.626811 58.20534, 114.624262 58.204986, 114.62331 58.204793, 114.621467 58.20415, 114.620678 58.203574, 114.619538 58.202196, 114.618271 58.20120199999999, 114.61694 58.201896, 114.615454 58.20249699999999, 114.613703 58.201013, 114.610988 58.201928))",Бодайбо,46.1690725532462,POINT (114.6459025954676 58.20662439374149)
Бодайбинский,Балахнинский,Бодайбо,30253,57.8577,114.224,"POLYGON ((114.26588 58.01275099999999, 114.266184 58.013029, 114.270577 58.012135, 114.271934 58.012041, 114.272798 58.012276, 114.273318 58.012504, 114.274707 58.01355, 114.275306 58.01501099999999, 114.275459 58.015726, 114.275343 58.016771, 114.276133 58.017024, 114.27684 58.01683, 114.279389 58.016318, 114.279396 58.01497699999999, 114.280334 58.014728, 114.281743 58.014029, 114.283258 58.013157, 114.282736 58.012372, 114.282419 58.011048, 114.284079 58.01047399999999, 114.285964 58.01241599999999, 114.288919 58.012156, 114.290748 58.011878, 114.290816 58.01105399999999, 114.291177 58.010003, 114.294102 58.00965799999999, 114.293915 58.00932599999999, 114.292625 58.008688, 114.290369 58.00854, 114.289784 58.008142, 114.288055 58.00843399999999, 114.287076 58.008875, 114.28646 58.00951, 114.286626 58.009921, 114.287649 58.010331, 114.287143 58.010417, 114.286071 58.01041799999999, 114.285333 58.010155, 114.284622 58.008602, 114.284066 58.007602, 114.282887 58.006386, 114.281202 58.005508, 114.279544 58.005941, 114.279135 58.00491899999999, 114.277969 58.00352299999999, 114.276222 58.000724, 114.272652 58.00024, 114.274187 58.004134, 114.274918 58.00491299999999, 114.274188 58.00509899999999, 114.275648 58.006522, 114.275686 58.006998, 114.274507 58.00700999999999, 114.273809 58.006936, 114.27208 58.007169, 114.2729 58.008063, 114.272585 58.009437, 114.271476 58.010138, 114.271042 58.010344, 114.268988 58.010787, 114.26952 58.011468, 114.268345 58.011838, 114.26588 58.01275099999999))",Бодайбо,17.2210022814506,POINT (114.2790727374294 58.00951945162982)
Бодайбинский,Васильевский,Бодайбо,30253,57.8577,114.224,"POLYGON ((114.319109 58.140819, 114.319559 58.141672, 114.321041 58.140786, 114.322022 58.141386, 114.321163 58.141346, 114.320842 58.143248, 114.322372 58.143322, 114.322492 58.142669, 114.323254 58.14270999999999, 114.323486 58.141499, 114.325021 58.141973, 114.326178 58.142145, 114.327371 58.14187399999999, 114.329171 58.141878, 114.329097 58.143336, 114.329801 58.143347, 114.330018 58.143978, 114.329009 58.144957, 114.329759 58.145528, 114.330744 58.14501199999999, 114.331907 58.145325, 114.334114 58.14520599999999, 114.335315 58.144571, 114.336108 58.143956, 114.336759 58.142484, 114.339835 58.14207099999999, 114.340117 58.14117299999999, 114.34119 58.140649, 114.342662 58.140091, 114.343194 58.139593, 114.341971 58.139624, 114.341074 58.139549, 114.34028 58.139523, 114.338546 58.139534, 114.336627 58.139382, 114.33576 58.139391, 114.334544 58.139553, 114.334246 58.13953799999999, 114.333442 58.139156, 114.333647 58.138786, 114.334092 58.138515, 114.334744 58.138304, 114.335531 58.138189, 114.338197 58.138039, 114.338286 58.138247, 114.353975 58.137114, 114.353992 58.136908, 114.353864 58.13671799999999, 114.353744 58.136306, 114.353804 58.13563199999999, 114.353708 58.135259, 114.350862 58.135462, 114.349987 58.135084, 114.348779 58.135153, 114.348867 58.135398, 114.345629 58.135649, 114.344273 58.135808, 114.34421 58.135226, 114.342898 58.135255, 114.342979 58.135594, 114.339892 58.135716, 114.33994 58.136017, 114.340546 58.136441, 114.337461 58.13650699999999, 114.334782 58.136377, 114.330868 58.136111, 114.330775 58.136499, 114.329893 58.136804, 114.326193 58.135837, 114.325688 58.136392, 114.325461 58.13685599999999, 114.326355 58.13709, 114.32735 58.137452, 114.327574 58.137623, 114.32858 58.13798999999999, 114.331159 58.139226, 114.331597 58.139213, 114.33202 58.139255, 114.332641 58.139444, 114.333334 58.139761, 114.333369 58.139861, 114.333125 58.13993199999999, 114.331999 58.139953, 114.329676 58.14026699999999, 114.329049 58.14030899999999, 114.32851 58.140287, 114.327466 58.140609, 114.325638 58.140517, 114.323771 58.140262, 114.322297 58.140325, 114.321199 58.140564, 114.319109 58.140819))",Бодайбо,32.0802798385679,POINT (114.3357619279151 58.13955306909041)
Бодайбинский,Маракан,Светлый,30165,58.416667,116.016667,"POLYGON ((114.565399 58.696592, 114.565475 58.697033, 114.565819 58.697559, 114.56649 58.69794599999999, 114.567565 58.69827799999999, 114.571889 58.699264, 114.578609 58.701137, 114.581069 58.701963, 114.582616 58.702407, 114.583777 58.702648, 114.586134 58.702942, 114.587595 58.703187, 114.587308 58.702479, 114.587077 58.70207, 114.587658 58.702115, 114.588815 58.70212799999999, 114.589871 58.702107, 114.590717 58.70204099999999, 114.593014 58.701773, 114.59637 58.701245, 114.597038 58.70108099999999, 114.597557 58.700886, 114.598149 58.700612, 114.599636 58.69977799999999, 114.599113 58.69954199999999, 114.598398 58.699017, 114.597522 58.697395, 114.597321 58.69626, 114.594772 58.69597, 114.593459 58.697182, 114.592353 58.698074, 114.591778 58.698815, 114.590621 58.698662, 114.58988 58.698632, 114.590178 58.69812, 114.587881 58.698077, 114.588207 58.697137, 114.584851 58.696802, 114.584632 58.697397, 114.584896 58.69779, 114.582758 58.697695, 114.579599 58.69765, 114.57748 58.697311, 114.576681 58.69691899999999, 114.577358 58.696057, 114.574682 58.695463, 114.57365 58.696776, 114.571077 58.695353, 114.56948 58.69640099999999, 114.569079 58.696742, 114.568323 58.696647, 114.566981 58.69656699999999, 114.565399 58.696592))",Бодайбо,96.0702091243745,POINT (114.5837966131669 58.69914702836216)
Бодайбинский,Перевоз,Перевоз,30069,59.0,116.917,"POLYGON ((116.891567 58.987838, 116.894362 58.991177, 116.900608 58.99583999999999, 116.903487 58.99968699999999, 116.90476 59.000634, 116.905024 59.00097299999999, 116.90525 59.001046, 116.905912 59.00157799999999, 116.906784 59.002399, 116.90785 59.003103, 116.908556 59.003449, 116.909371 59.003752, 116.912322 59.00464599999999, 116.91625 59.005499, 116.916057 59.00603599999999, 116.916113 59.00611, 116.916622 59.006154, 116.918416 59.006043, 116.919021 59.005927, 116.918697 59.005623, 116.919552 59.005562, 116.920759 59.005382, 116.921382 59.00539699999999, 116.92195 59.005485, 116.922063 59.005543, 116.921922 59.00570399999999, 116.921637 59.00579099999999, 116.920618 59.005849, 116.920363 59.005937, 116.920524 59.00617099999999, 116.9207 59.00620199999999, 116.920348 59.006262, 116.918916 59.006301, 116.918803 59.00655, 116.919623 59.006725, 116.921173 59.00650599999999, 116.921526 59.00638499999999, 116.922633 59.006328, 116.923429 59.00617699999999, 116.925151 59.005691, 116.927813 59.005211, 116.929486 59.004641, 116.931031 59.003837, 116.935521 59.00062399999999, 116.936445 59.000204, 116.936372 58.999606, 116.935829 58.99981099999999, 116.933292 58.999025, 116.93119 58.9985, 116.928136 58.99912699999999, 116.928291 58.99946, 116.928251 58.999743, 116.927977 59.00000499999999, 116.927703 59.000076, 116.927077 58.999975, 116.926476 58.999956, 116.924447 58.99974899999999, 116.924231 58.998085, 116.923714 58.997519, 116.923089 58.997428, 116.922913 58.997317, 116.922096 58.997204, 116.920649 58.996343, 116.919633 58.996361, 116.919414 58.996754, 116.919376 58.998025, 116.918142 58.99815599999999, 116.916477 58.998154, 116.916038 58.998523, 116.916322 58.999328, 116.916414 58.999935, 116.915686 59.000474, 116.908717 58.999416, 116.908016 58.999193, 116.90609 58.997552, 116.90368 58.995857, 116.900352 58.990982, 116.896029 58.987809, 116.891567 58.987838))",Перевоз,0.0939691081887178,POINT (116.9154356209777 58.99975484904515)
Бодайбинский,Светлый,Светлый,30165,58.416667,116.016667,"POLYGON ((115.955212 58.435146, 115.955796 58.435401, 115.956817 58.43572, 115.9587 58.436255, 115.961162 58.437416, 115.96252 58.43832, 115.962907 58.43867599999999, 115.963339 58.43876299999999, 115.964049 58.43887299999999, 115.965538 58.439404, 115.96604 58.439823, 115.966263 58.440344, 115.967531 58.44029099999999, 115.968327 58.44021499999999, 115.968806 58.440032, 115.969014 58.439681, 115.969507 58.439062, 115.969835 58.43873199999999, 115.970502 58.43759499999999, 115.97092 58.436446, 115.969482 58.435941, 115.969217 58.435589, 115.969962 58.43433899999999, 115.970109 58.433805, 115.96901 58.433688, 115.967716 58.433434, 115.967617 58.43327499999999, 115.966908 58.433248, 115.96453 58.43322, 115.963901 58.433228, 115.963104 58.43315399999999, 115.96272 58.432999, 115.960027 58.434469, 115.959406 58.434287, 115.959653 58.434062, 115.959088 58.433577, 115.958181 58.433291, 115.957638 58.433666, 115.956669 58.43383499999999, 115.956125 58.434361, 115.955663 58.434589, 115.955379 58.43479499999999, 115.955212 58.435146))",Светлый,3.74471433783636,POINT (115.9644231464427 58.4361409248125)
Бодайбинский,Хомолхо,Перевоз,30069,59.0,116.917,"POLYGON ((115.655367 58.746564, 115.655386 58.746865, 115.655661 58.747303, 115.656097 58.747659, 115.656606 58.747781, 115.658145 58.747964, 115.659744 58.74823199999999, 115.661276 58.748515, 115.663862 58.749027, 115.665043 58.74924, 115.665753 58.749229, 115.666238 58.749134, 115.666475 58.748836, 115.666654 58.74833599999999, 115.666635 58.748001, 115.66635 58.747881, 115.665099 58.747801, 115.663172 58.747764, 115.661341 58.747679, 115.660669 58.747572, 115.659009 58.74722, 115.658088 58.746942, 115.657234 58.74654899999999, 115.656438 58.74630699999999, 115.655765 58.746216, 115.655471 58.74633, 115.655367 58.746564))",Светлый,42.2967675628555,POINT (115.6611290046498 58.74790413137789)
Бодайбинский,Чара,Перевоз,30069,59.0,116.917,"POLYGON ((118.133533 58.763817, 118.135279 58.764924, 118.137847 58.76635, 118.139148 58.767401, 118.140193 58.76729, 118.142512 58.766869, 118.142602 58.766634, 118.142787 58.766362, 118.143263 58.765756, 118.143548 58.765489, 118.144024 58.765184, 118.143563 58.765038, 118.14236 58.76460299999999, 118.141656 58.76449299999999, 118.138841 58.763676, 118.136561 58.762809, 118.134756 58.762637, 118.133592 58.762881, 118.133533 58.763817))",Перевоз,75.1583746203705,POINT (118.1386345888473 58.76497987280283)
Киренский,Визирный,Витим,30054,59.45,112.583333,"POLYGON ((111.245647 58.89106, 111.25163 58.894243, 111.249556 58.89514699999999, 111.249847 58.895483, 111.250283 58.895763, 111.251806 58.896451, 111.252932 58.89732799999999, 111.253229 58.89845, 111.254141 58.899607, 111.255302 58.90024099999999, 111.25671 58.899995, 111.257469 58.89993699999999, 111.257901 58.89971199999999, 111.259164 58.899541, 111.259526 58.899466, 111.260007 58.89931199999999, 111.259001 58.897549, 111.259953 58.897405, 111.260756 58.89735, 111.259249 58.89491599999999, 111.258836 58.89438, 111.258251 58.893399, 111.256151 58.890234, 111.255656 58.889384, 111.254629 58.887197, 111.253339 58.885774, 111.250725 58.885793, 111.251167 58.886547, 111.250727 58.88723299999999, 111.249321 58.88798199999999, 111.247743 58.889409, 111.245647 58.89106))",Витим,,POINT (111.2537514576243 58.89315005916622)
Киренский,Красноярово,Верхне-Марково,30229,57.3333,107.067,"POLYGON ((107.451129 57.337767, 107.452948 57.338221, 107.454409 57.338454, 107.45497 57.338576, 107.457634 57.338994, 107.458031 57.339107, 107.459944 57.33934799999999, 107.463289 57.33932, 107.466237 57.339175, 107.466302 57.338353, 107.46474 57.338421, 107.459887 57.336517, 107.458138 57.335369, 107.456704 57.33508399999999, 107.455102 57.33515, 107.455012 57.335516, 107.452571 57.336225, 107.451132 57.337332, 107.451129 57.337767))",Верхне-Марково,,POINT (107.4579651522949 57.33752852092717)
Киренский,Улькан,Верхне-Марково,30229,57.3333,107.067,"MULTIPOLYGON (((107.317979 57.241397, 107.318747 57.2407, 107.319216 57.240195, 107.31869 57.240055, 107.317829 57.24009, 107.317211 57.239877, 107.316838 57.240239, 107.31566 57.24021699999999, 107.314056 57.239947, 107.311066 57.239316, 107.310274 57.239069, 107.309949 57.239374, 107.310652 57.239586, 107.312192 57.240194, 107.312126 57.240513, 107.312066 57.240654, 107.312703 57.240914, 107.312561 57.241183, 107.313326 57.24127, 107.313432 57.240976, 107.313723 57.24106099999999, 107.314982 57.241318, 107.315216 57.240983, 107.316645 57.241291, 107.317722 57.24168299999999, 107.317979 57.241397)), ((107.325261 57.24372, 107.324648 57.243315, 107.323366 57.242684, 107.323874 57.242373, 107.324197 57.242012, 107.323355 57.242126, 107.321966 57.24144, 107.321074 57.241972, 107.320547 57.242154, 107.320564 57.242551, 107.320112 57.242813, 107.321325 57.243427, 107.321777 57.243165, 107.322069 57.243305, 107.321096 57.243735, 107.320149 57.243509, 107.319762 57.243733, 107.319927 57.243816, 107.319629 57.243989, 107.320105 57.24422999999999, 107.320455 57.244026, 107.320743 57.24417099999999, 107.321076 57.243979, 107.321629 57.243987, 107.321988 57.244224, 107.32251 57.243998, 107.322081 57.243775, 107.322668 57.2435, 107.32421 57.244253, 107.323792 57.24453099999999, 107.324644 57.244908, 107.324809 57.245145, 107.325848 57.24576099999999, 107.325861 57.24561199999999, 107.326669 57.245297, 107.327458 57.24502, 107.32785 57.24478, 107.326475 57.244224, 107.326216 57.244076, 107.325261 57.24372)))",Верхне-Марково,,POINT (107.3198217558282 57.2422366527687)
Киренский,Алексеевка,Киренск,30230,57.783333,108.1,"POLYGON ((108.371508 57.854986, 108.373396 57.855787, 108.375134 57.856794, 108.376985 57.856823, 108.37904 57.855993, 108.380499 57.856199, 108.385005 57.854403, 108.380499 57.852939, 108.377345 57.852493, 108.374147 57.853351, 108.371508 57.854986))",Киренск,,POINT (108.3778595962231 57.85463978435358)
Киренский,Алексеевск,Киренск,30230,57.783333,108.1,"POLYGON ((108.325953 57.836962, 108.32642 57.838637, 108.329649 57.839312, 108.332652 57.840329, 108.335473 57.841209, 108.339873 57.84185799999999, 108.345459 57.842814, 108.34909 57.84314999999999, 108.352579 57.843596, 108.355635 57.843869, 108.360026 57.843922, 108.363001 57.844261, 108.365951 57.843765, 108.367358 57.843801, 108.372735 57.84466399999999, 108.373445 57.84322599999999, 108.369288 57.841986, 108.368151 57.841567, 108.367887 57.84132, 108.365969 57.840944, 108.36564 57.840826, 108.365735 57.83914799999999, 108.365512 57.838947, 108.366537 57.83737799999999, 108.367477 57.837252, 108.367859 57.837052, 108.368751 57.83602399999999, 108.369141 57.835794, 108.368768 57.835532, 108.368942 57.835093, 108.36704 57.834878, 108.366866 57.835317, 108.366284 57.835168, 108.366547 57.834742, 108.365221 57.83450999999999, 108.364469 57.834593, 108.36201 57.834498, 108.360958 57.834652, 108.35798 57.834532, 108.356824 57.834229, 108.356507 57.834442, 108.355543 57.83412999999999, 108.354938 57.834618, 108.352916 57.834835, 108.348314 57.834311, 108.33581 57.833347, 108.334914 57.83337599999999, 108.333402 57.834218, 108.331971 57.835435, 108.331405 57.836092, 108.329725 57.835766, 108.326602 57.835667, 108.325953 57.836962))",Киренск,,POINT (108.3498118473668 57.83869978671677)
Киренский,Алымовка,Киренск,30230,57.783333,108.1,"POLYGON ((108.570907 57.957818, 108.571446 57.95896699999999, 108.570977 57.95927, 108.571066 57.960137, 108.571736 57.961171, 108.572232 57.96107499999999, 108.572392 57.960835, 108.573988 57.960596, 108.574889 57.962563, 108.574111 57.962982, 108.574633 57.96442, 108.576085 57.96422699999999, 108.576743 57.964161, 108.577029 57.964975, 108.577486 57.966489, 108.579275 57.966296, 108.581306 57.966003, 108.582839 57.966235, 108.583917 57.965824, 108.582553 57.964611, 108.583108 57.964016, 108.584395 57.963916, 108.584739 57.96383299999999, 108.584759 57.962598, 108.584414 57.96237799999999, 108.584261 57.962128, 108.583122 57.961478, 108.58068 57.960421, 108.580072 57.959725, 108.579933 57.959295, 108.577684 57.957833, 108.576741 57.957503, 108.575071 57.957137, 108.574459 57.95714299999999, 108.573239 57.956803, 108.572615 57.95672399999999, 108.570907 57.957818))",Киренск,,POINT (108.577758640367 57.96165383670154)
Киренский,Бубновка,Киренск,30230,57.783333,108.1,"POLYGON ((108.218098 57.75557, 108.21827 57.75705499999999, 108.220533 57.757267, 108.220769 57.75765699999999, 108.222604 57.758133, 108.224836 57.758311, 108.227046 57.758345, 108.227994 57.758152, 108.228112 57.75788799999999, 108.229968 57.757985, 108.232661 57.757882, 108.236009 57.756947, 108.243787 57.75463, 108.246416 57.754177, 108.248894 57.753971, 108.251684 57.753919, 108.254602 57.754137, 108.255331 57.753546, 108.254441 57.753116, 108.253701 57.753059, 108.250804 57.753231, 108.250235 57.751952, 108.247274 57.75183699999999, 108.245053 57.75168799999999, 108.243916 57.752038, 108.243905 57.75259399999999, 108.238777 57.752933, 108.237882 57.751997, 108.237034 57.751979, 108.235371 57.7521, 108.231016 57.754113, 108.231477 57.754698, 108.225243 57.754985, 108.225115 57.75523699999999, 108.220297 57.75550699999999, 108.218098 57.75557))",Киренск,,POINT (108.2348980792943 57.75504777249706)
Киренский,Верхнекарелина,Киренск,30230,57.783333,108.1,"POLYGON ((107.766313 57.866674, 107.774097 57.86848699999999, 107.775227 57.868925, 107.775922 57.868869, 107.775086 57.869464, 107.776359 57.869971, 107.777348 57.87033899999999, 107.778639 57.870482, 107.779045 57.871009, 107.777938 57.871495, 107.778286 57.871829, 107.779111 57.872485, 107.780901 57.87198799999999, 107.78247 57.871592, 107.781207 57.870596, 107.781086 57.870209, 107.781856 57.87000699999999, 107.780433 57.868975, 107.779365 57.869223, 107.775232 57.86704, 107.768052 57.866024, 107.766746 57.865892, 107.766313 57.866674))",Киренск,,POINT (107.7756323410605 57.86882063718129)
Киренский,Вишнякова,Киренск,30230,57.783333,108.1,"POLYGON ((108.852904 58.13283, 108.854139 58.134003, 108.857652 58.13459599999999, 108.859822 58.135261, 108.863826 58.136747, 108.865767 58.135814, 108.868567 58.136914, 108.869781 58.136442, 108.869807 58.135172, 108.865334 58.133979, 108.861664 58.13315, 108.858423 58.13185199999999, 108.855175 58.13073199999999, 108.852904 58.13283))",Киренск,,POINT (108.8609133852522 58.13409310999731)
Киренский,Дарьина,Киренск,30230,57.783333,108.1,"POLYGON ((109.656256 58.315461, 109.656256 58.31567099999999, 109.657257 58.317752, 109.658094 58.317667, 109.658846 58.317605, 109.658399 58.316197, 109.657971 58.315409, 109.65696 58.31532, 109.656256 58.315461))",Киренск,,POINT (109.6575592171468 58.31650652647633)
Киренский,Ичера,Киренск,30230,57.783333,108.1,"POLYGON ((109.770245 58.510864, 109.772509 58.511246, 109.772766 58.512184, 109.771275 58.512302, 109.771177 58.513683, 109.771381 58.514245, 109.773602 58.514615, 109.774299 58.514318, 109.775104 58.513655, 109.776794 58.513483, 109.777796 58.51352, 109.778584 58.513378, 109.777836 58.511778, 109.777102 58.510056, 109.77616 58.508066, 109.775452 58.507875, 109.774819 58.507504, 109.7738 58.507746, 109.773593 58.508658, 109.772971 58.509697, 109.772541 58.510309, 109.770546 58.510337, 109.770245 58.510864))",Киренск,,POINT (109.7745914690088 58.51141907931125)
Киренский,Киренск,Киренск,30230,57.783333,108.1,"MULTIPOLYGON (((108.078262 57.804465, 108.080234 57.803947, 108.079654 57.802583, 108.077616 57.801071, 108.073625 57.800796, 108.071479 57.800819, 108.07002 57.803065, 108.078262 57.804465)), ((108.056133 57.762489, 108.053094 57.761678, 108.052804 57.763233, 108.050057 57.76454099999999, 108.050484 57.767898, 108.044549 57.768275, 108.040374 57.769271, 108.040035 57.770574, 108.044889 57.771384, 108.044085 57.772479, 108.044053 57.772989, 108.059797 57.77541799999999, 108.064853 57.775531, 108.069256 57.7754, 108.069351 57.781572, 108.069447 57.781963, 108.069909 57.782293, 108.074286 57.78329, 108.087172 57.787726, 108.088481 57.788047, 108.09024 57.788241, 108.090154 57.78913499999999, 108.092043 57.789193, 108.09215 57.789387, 108.096463 57.788837, 108.10245 57.788963, 108.10653 57.78866499999999, 108.107189 57.789663, 108.104821 57.794653, 108.110207 57.795099, 108.108619 57.797425, 108.112009 57.797929, 108.114665 57.795162, 108.125377 57.782517, 108.127673 57.780706, 108.128789 57.779032, 108.131407 57.77668199999999, 108.138359 57.77899799999999, 108.147071 57.78152, 108.154645 57.782265, 108.155139 57.782207, 108.156598 57.780694, 108.161426 57.781875, 108.163722 57.77894, 108.163872 57.777404, 108.160096 57.777175, 108.157177 57.776671, 108.149796 57.774859, 108.14662 57.773782, 108.143959 57.773094, 108.135806 57.771237, 108.134132 57.770686, 108.131042 57.768783, 108.129969 57.768485, 108.109954 57.766759, 108.110462 57.764595, 108.111382 57.764382, 108.111122 57.764216, 108.111777 57.763205, 108.108597 57.762746, 108.109934 57.761067, 108.109405 57.75961299999999, 108.106038 57.758035, 108.103372 57.757182, 108.101776 57.755762, 108.101063 57.75610099999999, 108.098715 57.75472, 108.098006 57.754892, 108.096612 57.754708, 108.093479 57.756073, 108.092508 57.756091, 108.092723 57.75511599999999, 108.090469 57.754863, 108.08525 57.754777, 108.083683 57.75488, 108.083233 57.755488, 108.083233 57.75622199999999, 108.083533 57.756842, 108.077277 57.758297, 108.076657 57.75801, 108.075735 57.758309, 108.075048 57.758733, 108.074427 57.758137, 108.072582 57.757638, 108.070599 57.756856, 108.066431 57.755103, 108.064661 57.754115, 108.061347 57.752807, 108.060945 57.750894, 108.061562 57.750809, 108.061279 57.750183, 108.060632 57.750246, 108.059727 57.747013, 108.058643 57.74691, 108.056948 57.747266, 108.054566 57.748333, 108.055511 57.750925, 108.06054 57.752875, 108.063062 57.756322, 108.062561 57.756721, 108.062324 57.75755599999999, 108.057804 57.75922199999999, 108.058201 57.759847, 108.056133 57.762489)))",Киренск,,POINT (108.0955703514396 57.77321014638983)
Киренский,Коршуново,Киренск,30230,57.783333,108.1,"POLYGON ((110.134443 58.59249699999999, 110.134649 58.593266, 110.136748 58.593896, 110.136896 58.594133, 110.136185 58.595177, 110.136076 58.595485, 110.136411 58.59592499999999, 110.136493 58.596308, 110.136362 58.597888, 110.136511 58.598039, 110.136832 58.598101, 110.141 58.59805, 110.144286 58.598955, 110.1492 58.600167, 110.150099 58.59931, 110.155823 58.601121, 110.155578 58.60136499999999, 110.156565 58.601555, 110.156672 58.60143799999999, 110.157518 58.601692, 110.15837 58.601067, 110.156683 58.600178, 110.155727 58.597987, 110.144841 58.594694, 110.135137 58.592119, 110.134443 58.59249699999999))",Киренск,,POINT (110.1453477693889 58.59701876134274)
Киренский,Кривая Лука,Киренск,30230,57.783333,108.1,"POLYGON ((107.813817 57.597233, 107.814131 57.60004499999999, 107.814732 57.60119599999999, 107.815311 57.602059, 107.817577 57.602883, 107.819885 57.601206, 107.823008 57.601741, 107.822817 57.602401, 107.824084 57.603025, 107.83144 57.603879, 107.834266 57.60336299999999, 107.837098 57.603159, 107.839424 57.600779, 107.837587 57.597443, 107.834744 57.59497, 107.830486 57.592194, 107.825183 57.595295, 107.818942 57.596804, 107.817711 57.596944, 107.816664 57.597137, 107.813817 57.597233))",Киренск,,POINT (107.8275160046416 57.5989766618587)
Киренский,Кривошапкино,Киренск,30230,57.783333,108.1,"POLYGON ((107.997306 57.75322199999999, 107.997312 57.754192, 107.999568 57.754093, 108.00076 57.755236, 108.001867 57.755622, 108.00294 57.759694, 108.002511 57.76079499999999, 108.003026 57.761059, 108.007641 57.76067099999999, 108.007909 57.761346, 108.008735 57.76184499999999, 108.010042 57.761919, 108.009763 57.75956799999999, 108.00869 57.754773, 108.007768 57.754085, 108.011469 57.753293, 108.010058 57.751257, 108.00837 57.74495, 108.007847 57.745275, 108.007281 57.745897, 108.00615 57.747785, 108.00352 57.74786, 108.001209 57.746854, 108.001523 57.746382, 107.999047 57.745771, 107.997852 57.750155, 107.997306 57.75322199999999))",Киренск,,POINT (108.0045454678798 57.75314040763887)
Киренский,Макарово,Киренск,30230,57.783333,108.1,"POLYGON ((107.802526 57.479946, 107.804228 57.480172, 107.806089 57.480487, 107.809823 57.48139399999999, 107.812886 57.482259, 107.816329 57.483337, 107.823546 57.48547499999999, 107.829758 57.487516, 107.833789 57.489054, 107.836187 57.490092, 107.840048 57.491857, 107.841377 57.4907, 107.84018 57.489942, 107.841252 57.48889999999999, 107.839348 57.488386, 107.836382 57.487002, 107.832239 57.484806, 107.826611 57.482141, 107.827441 57.48083699999999, 107.82061 57.479039, 107.818934 57.480151, 107.818431 57.47994, 107.813834 57.478851, 107.813309 57.479265, 107.811281 57.478687, 107.808367 57.47857399999999, 107.803581 57.477593, 107.802526 57.479946))",Киренск,,POINT (107.8227850290169 57.48346240454332)
Киренский,Мироново,Киренск,30230,57.783333,108.1,"MULTIPOLYGON (((109.648925 58.30655299999999, 109.648171 58.30676099999999, 109.64948 58.308075, 109.650235 58.30786699999999, 109.65084 58.307675, 109.649444 58.306447, 109.648925 58.30655299999999)), ((109.643456 58.304807, 109.643461 58.304464, 109.644106 58.304477, 109.644158 58.303864, 109.643474 58.30383699999999, 109.643507 58.302032, 109.642556 58.301235, 109.643252 58.30097499999999, 109.64347 58.30079, 109.64193 58.299736, 109.640035 58.29850399999999, 109.639257 58.297814, 109.638498 58.298095, 109.63792 58.29797, 109.637976 58.298278, 109.637274 58.29853199999999, 109.641562 58.301792, 109.641197 58.302197, 109.641173 58.302854, 109.641988 58.30285499999999, 109.641944 58.303434, 109.641915 58.304924, 109.642767 58.30492899999999, 109.643055 58.305138, 109.643456 58.304807)))",Киренск,,POINT (109.6422766548401 58.3018790506329)
Киренский,Мутина,Киренск,30230,57.783333,108.1,"POLYGON ((110.030571 58.625682, 110.033324 58.62636, 110.033691 58.625954, 110.034044 58.626, 110.034114 58.625646, 110.03451 58.625248, 110.03173 58.624497, 110.031335 58.624895, 110.030632 58.624894, 110.030939 58.625276, 110.030571 58.625682))",Киренск,,POINT (110.0324904982547 58.62543102372839)
Киренский,Никулина,Киренск,30230,57.783333,108.1,"POLYGON ((108.589295 57.988381, 108.589488 57.98866599999999, 108.593564 57.991108, 108.594936 57.991366, 108.595537 57.990876, 108.598962 57.988581, 108.601322 57.987772, 108.603742 57.98733799999999, 108.606032 57.986484, 108.605485 57.985595, 108.602706 57.985384, 108.599874 57.985965, 108.599592 57.985727, 108.599976 57.985022, 108.602288 57.983908, 108.601311 57.98316699999999, 108.597084 57.985583, 108.595024 57.986239, 108.589295 57.988381))",Киренск,,POINT (108.5972348241356 57.98757243711313)
Киренский,Орлова,Киренск,30230,57.783333,108.1,"POLYGON ((109.098564 58.277449, 109.102641 58.279099, 109.102341 58.280004, 109.103521 58.280151, 109.110108 58.28058, 109.110667 58.279267, 109.106698 58.278668, 109.104359 58.277888, 109.100924 58.276228, 109.098564 58.277449))",Киренск,,POINT (109.1045455379318 58.27878233885486)
Киренский,Петропавловское,Киренск,30230,57.783333,108.1,"POLYGON ((108.959569 58.202062, 108.960955 58.20308, 108.959789 58.203641, 108.962175 58.205307, 108.962975 58.20493699999999, 108.964214 58.205901, 108.965201 58.206609, 108.966286 58.207235, 108.96743 58.207759, 108.966332 58.208628, 108.967 58.208864, 108.966718 58.209059, 108.967206 58.209293, 108.969462 58.210504, 108.968657 58.2112, 108.968324 58.211576, 108.96816 58.211955, 108.967814 58.212294, 108.967332 58.212552, 108.967628 58.21305899999999, 108.967996 58.213382, 108.96917 58.2139, 108.970057 58.213415, 108.970648 58.213583, 108.971409 58.213051, 108.969566 58.212229, 108.970238 58.211741, 108.97102 58.21203999999999, 108.972667 58.211558, 108.976035 58.21351499999999, 108.977217 58.213417, 108.97812 58.212616, 108.978157 58.211848, 108.97711 58.211213, 108.976542 58.210314, 108.97604 58.20872, 108.973475 58.206782, 108.972525 58.206333, 108.965525 58.202571, 108.963901 58.201261, 108.962412 58.201457, 108.961829 58.201429, 108.961326 58.201562, 108.960439 58.201874, 108.959569 58.202062))",Киренск,,POINT (108.9693214515875 58.20770254444137)
Киренский,Салтыкова,Киренск,30230,57.783333,108.1,"POLYGON ((108.472856 57.944435, 108.475967 57.947492, 108.477492 57.948617, 108.480174 57.94743, 108.484466 57.949689, 108.48717 57.948913, 108.477941 57.943955, 108.475002 57.943419, 108.472856 57.944435))",Киренск,,POINT (108.479157879006 57.94647781092107)
Киренский,Усть-Киренга,Киренск,30230,57.783333,108.1,"POLYGON ((107.966558 57.41087899999999, 107.968746 57.41299799999999, 107.970291 57.415546, 107.97473 57.41492299999999, 107.973399 57.412491, 107.972005 57.411357, 107.969905 57.410613, 107.967674 57.410717, 107.966558 57.41087899999999))",Киренск,,POINT (107.9709018476395 57.41299181628304)
Киренский,Чечуйск,Киренск,30230,57.783333,108.1,"POLYGON ((108.695418 58.071103, 108.696977 58.071548, 108.69746 58.071067, 108.70018 58.072427, 108.704439 58.07499199999999, 108.707449 58.074497, 108.708206 58.074268, 108.709606 58.073638, 108.710318 58.07328399999999, 108.710708 58.07363299999999, 108.711112 58.07352299999999, 108.713207 58.073681, 108.713781 58.072864, 108.710546 58.071717, 108.706896 58.070831, 108.703861 58.070206, 108.699034 58.06956899999999, 108.698833 58.069883, 108.698349 58.069927, 108.697861 58.06985599999999, 108.697368 58.070367, 108.696454 58.070102, 108.695418 58.071103))",Киренск,,POINT (108.7046252590623 58.07216044811317)
Киренский,Юбилейный,Киренск,30230,57.783333,108.1,"POLYGON ((108.82938 58.128122, 108.837973 58.131834, 108.839895 58.13055199999999, 108.842554 58.13063099999999, 108.844538 58.130502, 108.847613 58.13089799999999, 108.850295 58.13197899999999, 108.852904 58.13283, 108.855175 58.13073199999999, 108.85292 58.129794, 108.849443 58.128287, 108.846043 58.12771799999999, 108.843354 58.12752399999999, 108.841525 58.127457, 108.839296 58.126982, 108.83437 58.125735, 108.833233 58.126725, 108.832583 58.127382, 108.831732 58.12759399999999, 108.830002 58.127463, 108.82938 58.128122))",Киренск,,POINT (108.8419814244522 58.12922495708479)
Мамско-Чуйский,Витимский,Мама,30157,58.3,112.9,"POLYGON ((113.247333 58.219396, 113.247584 58.220527, 113.247904 58.22081799999999, 113.250709 58.221005, 113.254092 58.221753, 113.256241 58.222106, 113.263114 58.22239099999999, 113.264471 58.222122, 113.265769 58.223782, 113.265937 58.225564, 113.268431 58.22582, 113.269349 58.222711, 113.275408 58.222462, 113.276026 58.221142, 113.273728 58.220828, 113.271754 58.221134, 113.269955 58.220904, 113.270025 58.22049999999999, 113.267904 58.220189, 113.266575 58.21992599999999, 113.263579 58.21948099999999, 113.261932 58.219021, 113.260343 58.21861699999999, 113.258664 58.218549, 113.255426 58.21852699999999, 113.252675 58.218556, 113.248584 58.21901, 113.247333 58.219396))",Мама,22.9671605033378,POINT (113.2614605774248 58.2210857119127)
Мамско-Чуйский,Горно-Чуйский,Улан-Макит,30356,56.366667,114.633333,"POLYGON ((111.724134 57.636086, 111.725552 57.636515, 111.726059 57.636762, 111.725916 57.637767, 111.726418 57.638529, 111.726819 57.63889, 111.7272 57.639093, 111.72734 57.639387, 111.728464 57.639808, 111.728921 57.64003899999999, 111.732248 57.64125199999999, 111.735684 57.641842, 111.7371 57.642021, 111.739668 57.642111, 111.742419 57.642317, 111.746048 57.642728, 111.747269 57.64324999999999, 111.752306 57.643879, 111.755071 57.64431099999999, 111.759645 57.645158, 111.760538 57.643091, 111.758572 57.642968, 111.752499 57.642232, 111.749151 57.641732, 111.747907 57.641656, 111.738674 57.64044699999999, 111.738107 57.63894, 111.735425 57.63775099999999, 111.734292 57.637321, 111.734768 57.636883, 111.734832 57.63426, 111.734004 57.634023, 111.733357 57.632312, 111.732183 57.631881, 111.731142 57.631792, 111.729011 57.632358, 111.727891 57.632334, 111.726141 57.634414, 111.724722 57.635481, 111.724134 57.636086))",Мама,100.798354582887,POINT (111.7370418845767 57.63877546652273)
Мамско-Чуйский,Камчатка,Леприндо,30374,56.65,117.566667,POINT(113.366667 58.3),Мама,27.3641247330209,POINT (113.366667 58.3)
Мамско-Чуйский,Рысья,Витим,30054,59.45,112.583333,"POLYGON ((112.149075 57.693762, 112.150472 57.695, 112.153015 57.694693, 112.159325 57.69447599999999, 112.161002 57.696837, 112.166676 57.696127, 112.166323 57.694072, 112.17297 57.69316999999999, 112.178945 57.692951, 112.178521 57.690245, 112.174771 57.689888, 112.167107 57.688201, 112.164768 57.687557, 112.164253 57.686684, 112.161378 57.687017, 112.161635 57.687914, 112.160219 57.688638, 112.15906 57.689384, 112.156249 57.69065399999999, 112.153277 57.692932, 112.149075 57.693762))",Мама,80.4878316100583,POINT (112.1646347418474 57.69190133653576)
Мамско-Чуйский,Садки,Витим,30054,59.45,112.583333,"POLYGON ((112.028255 59.182365, 112.028426 59.18367, 112.030433 59.18356, 112.031838 59.183361, 112.033651 59.18306399999999, 112.03511 59.183433, 112.037599 59.182849, 112.037814 59.182447, 112.036355 59.182078, 112.03451 59.18180899999999, 112.032149 59.181445, 112.03054 59.18115299999999, 112.029531 59.181258, 112.028287 59.181544, 112.028255 59.182365))",Витим,43.2833286910567,POINT (112.0321674877272 59.18245819673459)
Мамско-Чуйский,Согдиондон,Улан-Макит,30356,56.366667,114.633333,"POLYGON ((111.946012 59.202087, 111.947633 59.202741, 111.949724 59.202704, 111.950604 59.203287, 111.952321 59.202803, 111.952334 59.203446, 111.953425 59.203343, 111.953694 59.201625, 111.953864 59.20075499999999, 111.954142 59.199806, 111.954491 59.19931399999999, 111.955373 59.19727899999999, 111.953522 59.19718899999999, 111.953651 59.19687, 111.953179 59.196782, 111.952299 59.197639, 111.950733 59.199226, 111.948544 59.200778, 111.946012 59.202087))",Витим,45.4529602574665,POINT (111.9515220810406 59.20056536337489)
Мамско-Чуйский,Чуя,Витим,30054,59.45,112.583333,"POLYGON ((112.408219 59.264067, 112.410454 59.264663, 112.414896 59.26562699999999, 112.416661 59.26587499999999, 112.419584 59.26653899999999, 112.425661 59.26770699999999, 112.430324 59.268834, 112.432809 59.269541, 112.436155 59.27063099999999, 112.438112 59.271349, 112.44102 59.269169, 112.439546 59.268552, 112.436263 59.268091, 112.432831 59.26673, 112.430728 59.266389, 112.428067 59.265862, 112.422723 59.264564, 112.418068 59.263666, 112.418432 59.263081, 112.417638 59.26284, 112.417209 59.26307, 112.415043 59.263433, 112.413493 59.263229, 112.413214 59.264217, 112.408219 59.264067))",Витим,22.2803883405402,POINT (112.4262061492674 59.26679283867658)
Мамско-Чуйский,Воронцовка,Мама,30157,58.3,112.9,"POLYGON ((112.897699 58.853184, 112.897715 58.854176, 112.898542 58.854172, 112.899993 58.854066, 112.900007 58.853136, 112.897699 58.853184))",Мама,61.6697576294434,POINT (112.8988393071642 58.85364896922826)
Мамско-Чуйский,Колотовка,Мама,30157,58.3,112.9,"POLYGON ((113.188031 58.219567, 113.188637 58.220582, 113.191718 58.22029999999999, 113.195072 58.219863, 113.198792 58.219024, 113.199637 58.21864, 113.200601 58.218251, 113.20086 58.217892, 113.201492 58.217354, 113.203915 58.21677, 113.20875 58.214987, 113.2111 58.214343, 113.210972 58.21385799999999, 113.213652 58.21313, 113.212284 58.211955, 113.20997 58.212512, 113.208626 58.212595, 113.204261 58.213416, 113.204942 58.214109, 113.202484 58.21461499999999, 113.201748 58.21440399999999, 113.200977 58.214478, 113.199154 58.21381, 113.196766 58.214647, 113.195202 58.213915, 113.193359 58.21349499999999, 113.192628 58.213826, 113.195217 58.21463199999999, 113.193142 58.216385, 113.193435 58.21681599999999, 113.192009 58.217802, 113.192496 58.218363, 113.188031 58.219567))",Мама,19.9278792439753,POINT (113.1999397233988 58.21622777268929)
Мамско-Чуйский,Луговский,Мама,30157,58.3,112.9,"MULTIPOLYGON (((112.887024 58.062487, 112.887691 58.062058, 112.886613 58.06073199999999, 112.887022 58.060468, 112.88795 58.05848899999999, 112.888303 58.05659499999999, 112.888225 58.056117, 112.888461 58.05580999999999, 112.888495 58.054609, 112.88812 58.05415799999999, 112.886965 58.054018, 112.886118 58.054243, 112.885676 58.055766, 112.885052 58.057145, 112.884918 58.05759699999999, 112.884508 58.057907, 112.884174 58.058411, 112.883879 58.058706, 112.882918 58.059264, 112.881926 58.05963999999999, 112.883519 58.060648, 112.884734 58.06197299999999, 112.885969 58.064467, 112.887906 58.064003, 112.887476 58.063465, 112.887024 58.062487)), ((112.882628 58.06797899999999, 112.883221 58.067868, 112.882461 58.066456, 112.882238 58.065829, 112.882172 58.065314, 112.881626 58.064251, 112.880907 58.062984, 112.882336 58.062737, 112.881835 58.062037, 112.8812 58.061346, 112.880413 58.060629, 112.879656 58.060229, 112.878597 58.059894, 112.875801 58.05915899999999, 112.87492 58.059043, 112.873617 58.058979, 112.871856 58.059006, 112.870874 58.059151, 112.870406 58.059664, 112.869958 58.060086, 112.8696 58.0603, 112.869256 58.060727, 112.868086 58.061009, 112.868307 58.061474, 112.869049 58.061889, 112.871713 58.062112, 112.872385 58.062239, 112.873799 58.06269899999999, 112.876069 58.062982, 112.876922 58.063629, 112.877606 58.064517, 112.878965 58.06506, 112.879406 58.065715, 112.880609 58.066835, 112.881096 58.066945, 112.882178 58.06776, 112.882628 58.06797899999999)))",Мама,26.6438155939156,POINT (112.8801157094613 58.06101703960015)
Мамско-Чуйский,Мама,Мама,30157,58.3,112.9,"POLYGON ((112.88985 58.304976, 112.891998 58.306313, 112.890354 58.307432, 112.892649 58.308679, 112.898281 58.305884, 112.900236 58.306718, 112.899987 58.307667, 112.894117 58.31209399999999, 112.896196 58.31319, 112.897276 58.314105, 112.895288 58.314896, 112.892142 58.31638, 112.892994 58.317083, 112.893901 58.317245, 112.898366 58.31594, 112.90469 58.31430899999999, 112.908346 58.313126, 112.909556 58.312641, 112.914909 58.31086699999999, 112.917109 58.310281, 112.918593 58.30979199999999, 112.919958 58.30896, 112.920548 58.308347, 112.920579 58.307918, 112.920392 58.307145, 112.918617 58.305412, 112.917665 58.304727, 112.916924 58.304061, 112.915467 58.30245499999999, 112.914453 58.300579, 112.914175 58.29965499999999, 112.914184 58.298672, 112.913956 58.297528, 112.914105 58.296848, 112.914175 58.295831, 112.912943 58.29607799999999, 112.912558 58.29563899999999, 112.910615 58.296112, 112.909674 58.295817, 112.908709 58.295859, 112.908162 58.295513, 112.905372 58.296739, 112.905919 58.297085, 112.905992 58.297205, 112.905655 58.2974, 112.901093 58.299148, 112.892294 58.302366, 112.890404 58.302955, 112.88985 58.304976))",Мама,0.73358881851488,POINT (112.9052892779386 58.30596870896493)
Мамско-Чуйский,Мусковит,Мама,30157,58.3,112.9,"MULTIPOLYGON (((113.276622 58.213002, 113.276612 58.21264499999999, 113.274469 58.21266199999999, 113.274479 58.21302, 113.274438 58.213416, 113.274469 58.213898, 113.274522 58.214127, 113.274547 58.214504, 113.276689 58.21446599999999, 113.276619 58.213378, 113.276622 58.213002)), ((113.291092 58.216081, 113.290794 58.215439, 113.293409 58.215261, 113.295714 58.21533299999999, 113.295537 58.214853, 113.293161 58.21344, 113.292007 58.212677, 113.291651 58.212027, 113.287081 58.212141, 113.285886 58.212298, 113.284778 58.21291, 113.284165 58.213209, 113.283482 58.213653, 113.283522 58.215145, 113.281865 58.21543999999999, 113.278398 58.215444, 113.274865 58.215588, 113.271097 58.21485, 113.270861 58.215197, 113.275401 58.21605899999999, 113.277599 58.216164, 113.277655 58.21654299999999, 113.27839 58.216722, 113.280949 58.21674299999999, 113.283829 58.216651, 113.291092 58.216081)))",Мама,24.5585338821743,POINT (113.285653900822 58.21458601429664)
Мамско-Чуйский,Слюдянка,Мама,30157,58.3,112.9,"MULTIPOLYGON (((112.766551 57.96914599999999, 112.767848 57.969544, 112.768552 57.969371, 112.768865 57.96931, 112.769548 57.969148, 112.76736 57.966541, 112.766678 57.966703, 112.766257 57.966736, 112.765553 57.96691, 112.76515 57.967126, 112.765719 57.967979, 112.766551 57.96914599999999)), ((112.770437 57.97886699999999, 112.771613 57.978812, 112.772579 57.979747, 112.772967 57.979589, 112.772634 57.978958, 112.772627 57.978327, 112.772806 57.977582, 112.7724 57.976094, 112.772499 57.97316199999999, 112.772696 57.97175799999999, 112.771097 57.971632, 112.770407 57.971646, 112.770342 57.971394, 112.769049 57.970879, 112.768255 57.970834, 112.768056 57.971118, 112.767538 57.971293, 112.767155 57.972113, 112.766901 57.972313, 112.76659 57.973524, 112.766749 57.97458899999999, 112.767341 57.974564, 112.767743 57.975473, 112.769053 57.97561899999999, 112.768788 57.97629999999999, 112.768989 57.97713899999999, 112.76951 57.976992, 112.770255 57.976972, 112.770437 57.97886699999999)))",Мама,37.1808527043856,POINT (112.7696082435507 57.97338114657207)
